:020000040800F2
:1000000000080020690600089BA100089BA10008C9
:10001000EDAC00089BA100089BA100089BA1000873
:100020009BA100089BA100089BA100089BA10008C0
:100030009BA100089BA100089BA100089BA10008B0
:100040009BA100089BA100089BA100089BA10008A0
:100050009BA100089BA100089BA100089BA1000890
:100060009BA100089BA100089BA100089BA1000880
:100070009BA1000875380008653800089BA100089E
:100080009BA100089BA100089BA100089BA1000860
:100090009BA10008090D00089BA100089BA1000876
:1000A0009BA10008E1080008B90800089BA100080E
:1000B0009BA1000835950008E19F000877BC000867
:1000C00073BC0008719700088DBC00087BBC000859
:1000D000B19F00087FBC000821A0000889A000088B
:1000E0009BA100089BA100089BA100089BA1000800
:1000F0009BA100089BA100089BA100089BA10008F0
:100100009BA100089BA100089BA100089BA10008DF
:100110009BA100089BA100089BA100089BA10008CF
:100120009BA100089BA100089BA100089BA10008BF
:100130009BA100089BA100089BA100089BA10008AF
:100140009BA100089BA100089BA100089BA100089F
:10015000B58500089BA1000861BC000867BC0008C9
:100160009BA100089BA100089BA100089BA100087F
:1001800008B500F001F808BD5FF800F07D3F0008F9
:10019000000000000000000000000000000000005F
:1001A0002DE9F0418AB00646002402E003F03AFC53
:1001B0000134042CFADD0BF096FE974BD3E9004591
:1001C0009FED937B83ED007B0BF088FE04F480644D
:1001D0000CB9002644E00122002130460BF06AFAF7
:1001E0008E4A136803F500631360F2E70BF07BFEA1
:1001F000044614E00DF12703894A8A498A4803F02E
:10020000D3FB9DF82700894B03EBC02003F08CFC47
:100210009DF82730864A8749874803F0E9FB814BE0
:100220001B78002BE6D19DF82600804B03EBC02005
:1002300003F07AFC9DF826307D4A7E497E4803F023
:10024000D7FB20460BF04AFE01237C4A13707C4A00
:1002500013707C4A137002E020460BF03FFE01361B
:10026000794B1B78DBB2B34269DD0BF03CFE0546EF
:100270000DF12603754A7449754803F095FB044651
:1002800028460BF02BFE002C59D09DF826306748ED
:1002900000EBC32040F2FC7104300AF0CAFD0446B2
:1002A000674B1B780BBB6B4B1B6883429ED30BF0D9
:1002B0001AFE04465B4D9DF82630594A2946664889
:1002C00003F096FB2B78DBB2012BC5D90DF1270388
:1002D000534A2946544803F067FB9DF827305F4A8C
:1002E0005F49604803F084FBB6E70BF0FCFD054670
:1002F0009DF826004D4B03EBC02003F015FC9DF844
:1003000026304B4A4B494C4803F072FB28460BF011
:10031000E5FD4C4B1B7813B1013B4A4A13704D4B22
:100320001B68A34202D2474B01221A70454B1B782F
:10033000002B94D1424A1370404A13708FE74A4B06
:100340001B781BB93B4B1B78002B4BD10BF0C6F92C
:100350000446464B1B680BB9444B1860434B1B6863
:10036000E31A434A934240F2C880424BD3E9002348
:10037000950A45EA83553D4B1A68A21A3E4B9A42AC
:1003800033D93C4BD3E90067F9000023F00041EA80
:10039000567103F089FE8446204B1E682D4B1A6867
:1003A00019684FF47A7303FB01F1344BA3FB01038B
:1003B0005B09632900D80123264909684808B3EB83
:1003C000510F00D8184616B9BCF1050F10D9214BB2
:1003D0001A680244B2F5FA6F54D3294B9A4253D9A2
:1003E000274A51E003F0C4FBB0E74FF0000CD3E71D
:1003F000BCF1030FEED8174B1B68834203D9154B92
:100400001A68121AE6E74FF4FA62E6E7AFF30080E3
:10041000000000000000000000080020F42500207B
:10042000F82500203DEC03203FEC0320D8270020D6
:100430007026002040EC032041EC03203CEC03201C
:100440003AEC032039EC032043EC0320E82600209B
:1004500045EC032014ED03203EEC03206027002030
:1004600046EC032047EC03203BEC0320E82500206A
:100470003F4B4C000808002040420F001F85EB5105
:10048000008793034FF4FA621F4B1A601F4B1968E1
:100490001F4B1B681F4A1278D2B21F480678F6B26B
:1004A0001E480078C0B21E4F3F78FFB2DFF880E0F0
:1004B0009EF800E0BEF1000F22D0DFF878E0DFF810
:1004C0004880D8F80080CDF81880CDF814E0049763
:1004D000039002960192CDF800C02A46114803F01D
:1004E000A9FF114B1C600023084A13600F4A00202B
:1004F0000021C2E90001064A13600AB0BDE8F0819C
:10050000DFF834E0DBE700BF14ED0320F025002026
:10051000F425002040EC032043EC032046EC0320AC
:100520003DEC032074D60008E825002008080020D0
:100530003CEC03206CD6000870D600080348044B3E
:10054000834202D0034B03B118477047D0ED03201C
:10055000D0ED032000000000064B0749C91A89109E
:1005600048BF0131491003D0044B0BB10148184773
:10057000704700BFD0ED0320D0ED03200000000045
:1005800010B5064C237843B9FFF7D8FF044B13B1DD
:100590000448AFF300800123237010BD34EC032026
:1005A000000000003017010808B5054B1BB10549D4
:1005B0000548AFF30080BDE80840FFF7CDBF00BF9E
:1005C00000000000480A002030170108A3F5803A17
:1005D000704700BF174B002B08BF134B9D46FFF71A
:1005E000F5FF00218B460F461348144A121A0AF0F1
:1005F00095FE0E4B002B00D098470D4B002B00D0E2
:1006000098470020002104000D000D48002802D06A
:100610000C48AFF3008003F0E9FE200029000AF047
:10062000FEFB03F0D1FE00BF000008000000000048
:1006300000000000000800200008002080EC0320DB
:10064000000000000000000008B50448044A121A27
:100650009210044909F0A2FD08BD00BF8001000806
:10066000A001000880EC032008B5154B83F30A882D
:1006700000F030F8FFF7E8FF124A0AE0106851680E
:1006800050F8230041F82300013391688B42F5D3E1
:100690000C320D4B9A4201D20023F6E70B4A08E0D8
:1006A0001168002041F82300013351688B42F7D3D1
:1006B0000832074B9A4201D20023F6E7FFF78AFF80
:1006C00000000020381701084417010844170108EA
:1006D0004417010870B5134B134A9A60D3F8882069
:1006E00042F47002C3F88820104A4FF480419166AA
:1006F0000F4D05F500544FF0FF3222660D4A626639
:100700000222C3F8D020BFF34F8FBFF36F8F0020BA
:1007100002F046FB4FF44036E66000200AF007F88E
:100720002E6170BD00ED00E0000000080090005058
:1007300000800044F7FF3700014B1860704700BF8E
:10074000B0EC032008B5064B1860064B1B6F03F096
:100750000703032B00D008BD0BF0C2FAFBE700BF74
:10076000B8EC03200080005010B504460FE00123D0
:10077000834024EA03040F2814D800EB40020E4BF8
:1007800003EB82035A6812B19968C0B2904794B1E2
:10079000234600201F28EAD813F0010FE7D10130CB
:1007A0005B08F7E7103800EB40039B00B033024AC8
:1007B00013440433E6E710BD600A002008B50D4875
:1007C0000BF0A6FB192002F0DBFA28B91A2002F080
:1007D000D7FA40B9002008BD192002F0E1FA19202B
:1007E00009F0A5FFF2E71A2002F0DAFA1A2009F060
:1007F0009EFFEFE7C8CE000840B310B5044603786B
:100800004BB1022B1DD0032B1ED0012B01D0002396
:1008100003E03F2301E040F2FF336278D34013F05E
:10082000010F15D00BF068FB23786278012191400D
:1008300003EB43031B01074AD1500BF058FB002088
:1008400010BD40F2FF33E8E73F23E6E72220704780
:100850002120F5E740D0035040B310B5044603789B
:100860004BB1022B1DD0032B1ED0012B01D0002336
:1008700003E03F2301E040F2FF336278D34013F0FE
:10088000010F15D00BF038FB2378627801219140DD
:1008900003EB43031B01074AD1500BF028FB002058
:1008A00010BD40F2FF33E8E73F23E6E72220704720
:1008B0002120F5E740E0035008B5084BD3F82404A5
:1008C000D3F82024104000F0553020F0502003F5DC
:1008D0000053C3F82004FFF747FF08BD00C00350D2
:1008E00008B5084BD3F82404D3F82024104000F0B6
:1008F000AA3020F0A02003F50053C3F82004FFF72E
:1009000033FF08BD00C00350F0B585B00C469446D7
:100910009DF83410664A1278002A00F0BD80054622
:10092000BCF1070F00F2BA800A9A002A00F0B880E2
:100930000B9A002A00F0B6800E9AB2F5006F00F311
:10094000B38001285BD05B4A02EB0C12127B002AB9
:1009500000F0AC8000220092019202920392564A6B
:1009600002EB4C1E002C4FD14FEA4C160020905148
:10097000CEF80400CEF80800CEF80C009EF8020075
:1009800040F010008EF802009EF8030040F03000A6
:100990008EF8030021B9C1B241F003018EF80310B3
:1009A00000930E9B013B444A4FEA4C1002EB4C1162
:1009B000165A63F30E1616520A9B8B600B9B4B6004
:1009C000CB789DF83C2062F38303CB70012D36D0A9
:1009D000109B002B56D0374A4FEA0C1102EB0C1338
:1009E00010985050119A5A6000249C605D737246B2
:1009F0006946604601F054FE204605B0F0BD0C9AF1
:100A0000002AA0D12D48F8E72B4F4FEA4C1607EBF0
:100A10004C120020B85150609060D060907840F047
:100A200010009070D07840F00300D0700029B7D14A
:100A300007EB4C12C1B241F03001D170B0E70E4665
:100A40000A7B42F001020A73D2B242F002020A7338
:100A5000CA68042161F39F02F26006F1100796E86C
:100A60000F0087E80F00F2696FF0030161F39F0246
:100A7000F2610C9B7361012CAAD10B9AB2610C9AA2
:100A80007260A5E7002DA6D10B4B03EB4C139A78AF
:100A90006FF304129A709EE70948AEE70748ACE787
:100AA0000648AAE70548A8E70448A6E70548A4E7DA
:100AB00035EC0320C80C0020C80B0020018000F09A
:100AC000028000F0078000F0134B1B78FBB110B5DB
:100AD0000446F0B10BF010FA0023072B13D80F4A8D
:100AE00002EB0312127B0AB10133F6E723600B4AD3
:100AF000190102EB031301241C73002454500BF062
:100B0000F6F9204602E00BF0F2F9054810BD054861
:100B100070470548FAE700BF35EC0320C80C0020F9
:100B2000048000F0028000F0018000F038B50BF086
:100B3000E3F904460023072B06DC0C4A02EB031200
:100B4000127B12B90133F6E7002222B120460BF0E6
:100B5000CEF9074838BD01F04FFD0025054B1D704B
:100B600020460BF0C4F92846F4E700BFC80C00206B
:100B7000058000F035EC03200F4B1B78BBB110B59E
:100B80000446072815D80BF0B7F90C4B03EB0413F8
:100B90001B7B1BB90BF0ABF909480BE0074B03EBD0
:100BA000041300241C730BF0A2F9204602E0054850
:100BB0007047054810BD00BF35EC0320C80C00206D
:100BC000068000F0028000F0018000F000B583B0E4
:100BD000134B1B68019300238DF804300BF08CF944
:100BE000104B1B7833B90F4B01221A700BF07FF9B1
:100BF000002309E00BF07BF90B480EE00B4A02EBF7
:100C00000312002111730133072BF7DD08238DF840
:100C1000073001A801F014FD002003B05DF804FBCB
:100C200060BF000835EC0320038000F0C80C0020F2
:100C300010B5104C2478BCB1072817DC0E4C04EB1F
:100C40000014247BA4B10C4C4FEA001E04EB001CE2
:100C500044F80E30029BCCF804300024CCF8084055
:100C600001F01EFD204610BD0448FCE70448FAE7E9
:100C70000448F8E735EC0320C80C0020028000F09F
:100C8000018000F0078000F008B50A4B1B785BB1CB
:100C900007280BD8084B03EB00131B7B43B1002143
:100CA00001F0C0FC002008BD0448FCE70448FAE756
:100CB0000448F8E735EC0320C80C0020028000F05F
:100CC000018000F0078000F008B50A4B1B785BB18B
:100CD00007280BD8084B03EB00131B7B43B1012102
:100CE00001F0A0FC002008BD0448FCE70448FAE736
:100CF0000448F8E735EC0320C80C0020028000F01F
:100D0000018000F0078000F0F8B5194B1F6D5B6D96
:100D10001F4002D40125002402E0FEE701346D00EB
:100D2000072C24D83D42F9D0124B1D652301124AED
:100D3000D358002BF2D002EB0416B1680131B16038
:100D400072682046984780F00100C0B2737B012B87
:100D5000E4D10028E2D0094B03EB44131A7B6FF374
:100D600041021A731A7F6FF341021A77D6E7F8BD72
:100D70000000045000200450C80C0020C80B0020C4
:100D800038B505460C46164BD3F8283103F0070357
:100D9000013B052B20D8DFE803F003131B0F0B17D3
:100DA0000AF078FF052305B1286004B1236038BD3F
:100DB0000AF070FF0623F6E70AF0B6FF0723F2E712
:100DC0000AF0A8FF0323EEE70AF0A4FF0423EAE7F2
:100DD0000AF09CFF0223E6E700231846E3E700BF82
:100DE0000080005030B583B005460C4600230193C7
:100DF000154BD3F8203203F00703042B21D8DFE88A
:100E000003F0030B11161B0001230DB1019A2A6098
:100E100004B1236003B030BD002101A8FFF7B0FF8B
:100E20001223F2E70AF080FF01900723EDE70BF0B1
:100E300069F801900A23E8E70AF0C0FF019009234E
:100E4000E3E70023E1E700BF00800050024B4FF4CE
:100E500080321A67704700BF00900050204B9842C4
:100E600036D009D91F4B984236D01F4B984222D119
:100E70001E4BD3F8D0007047A3F5B703A3F5586312
:100E8000984221D006D91A4B984212D1174BD3F869
:100E9000BC007047174B984202D0174B984203D1C1
:100EA000124BD3F8A0007047144B9842F8D00020A2
:100EB000704700207047124B984203D10B4BD3F878
:100EC000C800704700207047084BD3F8B80070473F
:100ED000064BD3F8C0007047044BD3F8CC007047E2
:100EE000C0EA21010048E801005A62020080E00FD8
:100EF0000024F40080841E0000093D0040420F00E1
:100F000080BA8C0138B505460C460F4BD3F88030BB
:100F100003F00303022B0ED0032B10D0012B06D0BD
:100F20000023184605B1286004B1236038BD0AF0DB
:100F3000B7FE0E23F6E70AF0F7FE0723F2E70AF002
:100F4000A9FE0623EEE700BF0080005038B5054635
:100F50000C46104BD3F8000100F00300032815D80D
:100F6000DFE800F002080C10012305B1286004B18D
:100F7000236038BD0AF0CEFE0323F6E70AF01EFF19
:100F80000923F2E70AF0CCFE0823EEE70023184617
:100F9000EBE700BF0080005038B505460C46174B04
:100FA000D3F8200100F00700062823D8DFE800F07E
:100FB000040A0E16121A1E00012305B1286004B19E
:100FC000236038BD0AF066FE0523F6E70AF0A2FEAC
:100FD0000323F2E70AF0A8FE0723EEE70AF096FEE5
:100FE0000223EAE70AF056FE0623E6E70AF092FE3D
:100FF0000423E2E700231846DFE700BF008000502B
:1010000038B505460C46104BD3F8400100F00300FC
:10101000032815D8DFE800F002080C10012305B101
:10102000286004B1236038BD0AF06CFF0A23F6E79C
:101030000AF0C4FE0923F2E70AF067FF0C23EEE78B
:1010400000231846EBE700BF0080005030B583B0A6
:1010500005460C4600230193144BD3F8603203F08D
:101060000703013B032B1FD8DFE803F0020E19141E
:10107000002101A8FFF790FF10230DB1019A2A600B
:1010800004B1236003B030BD002101A8FFF7B8FF11
:101090001123F2E70AF048FE01900723EDE70AF07A
:1010A00035FE01900223E8E70023E6E700800050C8
:1010B00030B583B005460C4600230193144BD3F89A
:1010C000943203F00703013B032B1FD8DFE803F042
:1010D000020E1914002101A8FFF75EFF10230DB1C5
:1010E000019A2A6004B1236003B030BD002101A839
:1010F000FFF786FF1123F2E70AF016FE019007239F
:10110000EDE70AF003FE01900223E8E70023E6E79B
:101110000080005030B583B005460C460023019393
:101120000C4BD3F8703203F00303012B09D0022BD0
:101130000DD115230DB1019A2A6004B1236003B0CB
:1011400030BD002101A8FFF75BFF1123F2E7002368
:10115000F0E700BF0080005038B505460C46104B44
:10116000D3F8600100F00300032815D8DFE800F091
:1011700002080C10012305B1286004B1236038BDBA
:101180000AF0C0FE0A23F6E70AF018FE0923F2E788
:101190000AF0BBFE0C23EEE700231846EBE700BF86
:1011A00000800050324B984252D029D8314B98429F
:1011B00048D009D9304B984247D0304B98421DD186
:1011C0002F4BD3F8800070472E4B984237D005D96B
:1011D0002D4B984210D12A4B186F70472B4B9842D9
:1011E00002D02B4B984202D1254B986D7047294B6A
:1011F0009842F9D0002070470020704700207047C7
:10120000254B98422CD00CD9244B98422CD003F576
:10121000740303F5105398420FD1194BD3F898007B
:1012200070471F4B984217D01E4B984203D1144B66
:10123000D3F88C0070470020704700207047104B97
:10124000586E70470E4B586F70470D4B986F704734
:101250000B4BD3F884007047094BD3F888007047D4
:10126000074BD3F890007047054BD3F894007047B4
:101270000048E8010024F400C0EA210180BA8C0192
:101280000080E00FC0CF6A00405DC60080841E0071
:1012900000093D0040420F00007E56030090D0033D
:1012A00080D54302006CDC0270B582B006460D4664
:1012B00000230193104BD3F8804104F00304022C67
:1012C00016D0032C0FD0012C07D000240EB1019BA7
:1012D000336005B12C6002B070BD002101A8FFF79A
:1012E0005BFE1024F2E70AF01FFD01900724EDE7F2
:1012F0000AF00CFD0190E9E70080005038B5054682
:101300000C46104BD3F8400200F00300032815D818
:10131000DFE800F002080C10012305B1286004B1D9
:10132000236038BD0AF0EEFD0A23F6E70AF046FD19
:101330000923F2E70AF0E9FD0C23EEE70023184643
:10134000EBE700BF0080005038B505460C46134B54
:10135000D3F8000200F0070004281BD8DFE800F0F3
:1013600003090D111500012305B1286004B12360A4
:1013700038BD0AF0C7FD0A23F6E70AF01FFD09236E
:10138000F2E70AF0C2FD0C23EEE70AF0A9FC800A9E
:101390000F23E9E700231846E6E700BF008000506E
:1013A00038B505460C46134BD3F8080200F0070089
:1013B00004281BD8DFE800F003090D1115000123F4
:1013C00005B1286004B1236038BD0AF09BFD0A23F3
:1013D000F6E70AF0F3FC0923F2E70AF096FD0C2386
:1013E000EEE70AF07DFC800A0F23E9E700231846A8
:1013F000E6E700BF00800050B0F5207F20D00ED877
:10140000B0F5007F16D020D810B1B0F5C07F04D160
:101410000F4B186FC0F3033018E0002016E0B0F552
:10142000607F05D10A4BD3F88000C0F301100DE0B6
:1014300000200BE0064BD3F89000C0F3046005E0F9
:10144000034B186FC0F3802000E00020013070478C
:101450000080005038B505460C46174B4FF48032DB
:101460009A660020FFF7C8FF05FB00F0134BDA690E
:1014700002F4803241F67131D9635B6823F4401382
:101480006CB90F49884207D800210B430B494B60C8
:101490000AB10022CA6338BD4FF48011F5E7002C71
:1014A00007DD0849884201D80021EEE74FF480119A
:1014B000EBE74FF44011E8E70090005000000350C4
:1014C000005A6202002D3101430905D0012B0DD0D5
:1014D000022B0DD0002200E0002200F01F0049B1D5
:1014E00002F580520123834013607047034AF4E7FA
:1014F000034AF2E702F50052F4E700BF64800050AF
:101500006880005008B5802008F0A0FE034B984288
:1015100003D8034B4FF480321A6708BD005A6202A9
:1015200000A0005000B583B000230193B0F5807F88
:1015300000F04A8118D9B0F5F06F00F04A8140F20E
:10154000DB80B0F5206F00F0538140F20481B0F5EC
:10155000406F00F04881B0F5486F40F00C8101A960
:101560000020FFF7A5FDDFE0802800F2DD802428C1
:10157000C0F0DA8024385C2800F2D68001A353F84A
:1015800020F000BFBF170008BF170008BF170008F2
:10159000BF170008BF17000829170008B517000873
:1015A000291700084D170008DD1700082917000843
:1015B000291700082917000829170008291700080B
:1015C00029170008291700082917000829170008FB
:1015D00029170008291700082917000829170008EB
:1015E0002917000829170008D31700080D1700084D
:1015F00029170008291700082917000829170008CB
:1016000029170008291700082917000829170008BA
:1016100029170008291700082917000829170008AA
:101620002917000829170008BF1700082917000804
:1016300029170008291700086D1700082917000846
:1016400029170008F11700087D1700083D1700084A
:10165000E7170008291700082917000829170008AC
:1016600029170008291700085F1500082917000826
:10167000291700082917000829170008291700084A
:10168000291700082917000829170008291700083A
:10169000291700082917000829170008291700082A
:1016A000291700082917000829170008291700081A
:1016B000291700082917000829170008291700080A
:1016C00029170008291700082917000829170008FA
:1016D00029170008291700082917000829170008EA
:1016E00029170008291700082917000829170008DA
:1016F0002917000887170008B0F5B06F5AD00AD92B
:10170000B0F5D06F6AD0B0F5E06F1CD101A9002010
:10171000FFF7F4FD08E0B0F5607F04D101A90020D7
:10172000FFF7F0FB00E003D2019803B05DF804FB83
:10173000B0F5806F43D0B0F5A06FF5D101A90020BE
:10174000FFF750FBF0E7B0F5C06FEDD101A9002025
:10175000FFF756FCE8E7B0F5086F04D101A90020B7
:10176000FFF7F4FBE0E7B0F5106FDDD101A9002031
:10177000FFF716FED8E7B0F5286FD5D101A90020F4
:10178000FFF7C8FCD0E71D4B1B6F03F00703013BBD
:10179000032BC9D8DFE803F00B02050805230193EA
:1017A000C2E703230193BFE708230193BCE70223A9
:1017B0000193B9E701A90020FFF776FDB4E701A97D
:1017C0000020FFF7E9FBAFE701A9002008F019FDB1
:1017D000AAE701A90020FFF7BFFCA5E701A90020A7
:1017E000FFF7B2FDA0E701A90020FFF7C9FA9BE7C8
:1017F00001A90020FFF72AFC96E700BF00800050F7
:10180000094B596E03F580534FF480325A66074AEC
:10181000536A23F00103536211F4803F03D1044B58
:101820004FF480325A6670470080005000C0075065
:1018300000A0005010B504468020FFF773FE032877
:1018400000F0AE805D4B4FF480125A665C4B45F65B
:101850000E02C3F8802003F580524FF0A061916220
:1018600003F500534FF480329A62554B9B6D13F48D
:10187000803FFAD1524B9B6D13F0804FFAD1226812
:1018800063681B0543EA0263227B43EA0243627BEF
:1018900043EA0233A27B43EA8213E27B1343484AC2
:1018A0001361936903F00043216943EA816361692D
:1018B00043EA0163217E43EA0143617E43EA012357
:1018C000A17E0B439361136A23F00F03E269002AA0
:1018D00046D111460B43E17E43EA81031A43384B5C
:1018E0001A62E369002B3DD1354A916A354B0B40B2
:1018F00094F8201043EA411394F8211043EA0113AD
:1019000094F8241043EAC10343F4803393622C4BD0
:101910009A6D2D4B9343FAD1294A02F580514FF02D
:1019200080738B62136923F47003A06843EA005349
:1019300013614FF000438B6194F822301BB9234BA5
:101940004FF080729A6294F8233013BB1F4B4FF410
:1019500080329A621A4B9B6D13F0804FFAD118E0D7
:101960000821B7E7022B1CD0154A916A154B0B4092
:1019700094F8201043EA411394F8221043EA0163DB
:1019800094F8241043EAC10394F8231043EA014376
:10199000936294F825301BB1094B0D4AC3F880209F
:1019A00010BD074B00221A619A614FF408524FF4A0
:1019B0007F41084808F017FCD6E700BF00900050B0
:1019C0000040005AC7FFFEFE030001000060005AFD
:1019D000F1A7FFFF3440005A014B93F90000704714
:1019E000BEED0320014B1880704700BFB4ED03200B
:1019F00008B51B4B4FF480025A6603F5D833022218
:101A00005A60184B9B6813F4803FFAD1012806D026
:101A1000144B00225A62134B00225A6008BD0AF090
:101A200079F9114B984212D003F5122303F5F863AC
:101A3000984210D000EB8001490A400A0B4AB2FBE1
:101A4000F0F2084BD9621A6301225A62E3E745F6C5
:101A50007A120749F5E745F61A020649F1E700BF91
:101A6000009000500040025000F049026466666633
:101A7000D8B80500BBCF0500B0F5207F5DD02DD8CC
:101A8000B0F5007F4ED061D810B1B0F5C07F24D141
:101A900010B54C1E08F0D3FB08F0B3FDFFF7D6F9E4
:101AA0002B4A136F23F4704343EA043313670AF09D
:101AB00017F9284BD3F8843013F0100FF9D1254BC8
:101AC000D3F88410C1F38111C1F1020108F08EFD39
:101AD00000F058F8FFF716FD10BD7047B0F5607FB5
:101AE0001FD11D4BD3F8FC2012F0807206D018468F
:101AF000D3F8FC3023F08073C0F8FC30013914486F
:101B0000D0F8803023F0300343EA0113C0F880306E
:101B1000E2B1114AD2F8FC3043F08073C2F8FC30D5
:101B20007047704701390A4AD2F8903023F0F853D1
:101B300043EA0163C2F8903070470139044A136FD9
:101B400023F4806343EA812313677047704700BF23
:101B5000008000500040005000ED00E008B5012179
:101B6000022000F0F3F84FF42070FFF745FC044B1F
:101B7000187008F064FB08F044FDFFF767F908BD32
:101B800036EC032008B54FF4C07008F05FFB054B3E
:101B9000984205D902214FF42070FFF76DFF08BD70
:101BA0000121F8E780F0FA0210B504460AF098F82F
:101BB0000F4BD3F8843013F0100FF9D10C4BD3F83E
:101BC0008410C1F38111C1F1020108F00FFD012160
:101BD000002000F001F924B1FFF7D4FFFFF792FCD9
:101BE00010BD044B19784FF42070FFF745FFF5E75F
:101BF0000040005036EC032070B50446FFF7D2FADF
:101C00000546364B4FF4C0225A6603F598335B689D
:101C1000012B29D08020FFF785FC05282DD025F049
:101C200040752F4B9C422FD02E4B9C422FD00AF058
:101C300031F8064684422DD82B4BDB6813F0060F93
:101C4000FAD1294B9A689D609B686B4013F4F81F8A
:101C500025D0254B9A6034468020FFF763FC052889
:101C600021D0B44235D970BD204B01225A60204B9F
:101C70005B6813F0020FFAD1CCE708F0E0FA08F045
:101C8000C0FCFFF7E3F8CAE745F00075CFE745F081
:101C90008075CCE70121204600F09EF8CCE7204675
:101CA000FEF74AFDD8E70AF01BF8124BD3F8843050
:101CB00013F0100FF9D10F4BD3F88410C1F3811139
:101CC000C1F1020108F092FCFFF75CFFFFF71AFC7C
:101CD000C7E70121002000F07FF8C4E70090005022
:101CE00040420F0080841E000000015000E00150BF
:101CF00000C001500040005010B50446FFF7AEF898
:101D00000A4B4FF400225A6620F04070084A944271
:101D100006D0084A944206D04FF0B442906010BDFD
:101D200040F00070F8E740F08070F5E70090005058
:101D300040420F0080841E00034AD36E23F030031C
:101D400001790B43D366704700400050F8B5044654
:101D5000204BD3F8843013F0100FF9D11D4BD3F87A
:101D60008430C3F381139C422DD009F099FF0646BD
:101D7000012C11D00AF0B7F80546164F07F50053AD
:101D80004FF000725A66204608F042FC621E4FF483
:101D9000806393403B6706E0012108F027FCE9E7F8
:101DA0000C4BD3F884300B4B5B6E13F0007F05D1E6
:101DB000084BD3F8843013F0200FF1D028460AF0F6
:101DC0008DF8022C00D0F8BD0021304608F00EFC42
:101DD000F9E700BF0040005010B50C46034650B173
:101DE000094A127812B1094A934208D921460220C1
:101DF000FFF7ACFF10BD09F053FF0346F0E72146A3
:101E00000120FFF7A3FFF5E7480D0020005A62020A
:101E100038B52F4B4FF000425A6603F50B235C6C2C
:101E200004F001044AF6CD321A64E8B9294B5B6B21
:101E300013F00103FAD1274A556815F0010539D08E
:101E400002F50052012151601A462249096B11F036
:101E5000010F04D120498A4201D80132F5E71E4919
:101E60008A422FD81D4625E000231A4A126B12F031
:101E7000080F04D0184A934201D80133F5E7164AF7
:101E8000934221D8134B03F500522021916203F5B0
:101E9000805301225A60002300E001330D4A926A08
:101EA00012F0200F02D10C4A9342F6D90A4A93420B
:101EB0000CD8002514B1074B084A1A6409F07EFBC0
:101EC000284638BD0725F5E70725F3E70725F1E79D
:101ED00000900050004009503F420F003254FFFF75
:101EE00010B51A4B4FF000425A6603F50B235C6C99
:101EF00004F001044AF6CD321A6443785B0043F0E3
:101F00000103134AD363134B5B6B13F00B0FFAD12E
:101F1000104A536823F4F873817843EA011353603D
:101F2000C178437943EA012393600179837943EAD5
:101F3000012313610078FFF76BFF14B1054B064ACC
:101F40001A6409F03BFB012010BD00BF0090005057
:101F500000400050004009503254FFFF10B50F28D8
:101F600000D90F20124B5C6E03F580534FF00042F6
:101F70005A6603F50B235A6C02F001024AF6CD3182
:101F800019640C4B5B6B13F0800FFAD109490B6A93
:101F900023F00F0303430B620AB1074A0A64002CC3
:101FA00003DB064B4FF000425A6609F007FB10BDF9
:101FB00000800050004009503254FFFF00A0005044
:101FC00010B5134B5C6E03F580534FF000425A6618
:101FD00003F50B235A6C02F001024AF6CD31196465
:101FE0000C4B5B6B13F0800FFAD10A490B6A23F498
:101FF000F85343EA00230B620AB1074A0A64002C33
:1020000003DB064B4FF000425A6609F0D7FA10BDC9
:1020100000800050004009503254FFFF00A00050E3
:10202000054B984206D0054B984201D000207047DE
:1020300057207047562070470000015B00000A508F
:1020400010B5044608F0E5FA042307E004F58053D0
:1020500004221A6104F500531A610B46591E002B25
:10206000F4D1202323610023E360A36041F2020244
:102070006261A361A3654FF4A0226262E3612362FF
:10208000A362E3626363236504F500520149D164EE
:10209000236310BDFF3F0D03F8B5044615460846FF
:1020A000E1B1A36813F0010F34D06668B0FBF5F01E
:1020B000451E16F001062BD0636D13F0280FFBD1DF
:1020C000A36C13F0030F0FD1A36C13F0010F1BD1FE
:1020D000A36C13F0020F19D1002706E02046FFF78A
:1020E0009FFF08F0B3F8DCE70527204608F091FAD7
:1020F000236923F07F4343EA056323616EB33946C6
:10210000204608F0A5FA28E00927EEE70627ECE7C5
:102110000027EDE76368A36D13F0010F00D06D0099
:10212000A36803F0E003402B1DD017D9602B1ED00D
:10213000802B12D10123400105FB03F3B0FBF3F028
:1021400020380C4A02EAC002636D13F0010FFBD184
:102150002263636D13F0010FFBD1F8BD2BB1202B6F
:10216000FBD10823E7E70623E5E71023E3E7042391
:10217000E1E700BFF8FF7F00F8B504460D461746BB
:102180001E46436823B1616DC1F30B010029FAD1EA
:102190002046FFF755FF636923F44C5323F00F03E8
:1021A0006A7B1343EA8913432A8A13436361A36852
:1021B00023F0804323F0E2032A7B13432A7E134358
:1021C0006A691343A360AB681BB9A36843F000437B
:1021D000A360EB69002B69D0A2687B4911401A7A91
:1021E00041EA82519A7A41EA42419A8802F4C04215
:1021F00011435A7841EA82015A7B41EAC2019A7B33
:1022000041EA02119B7841EA8321A160E2686F4BA9
:102210001340EA6911690B4351690B43917943EA11
:102220008123D27943EA4223E360EB691B78012BD7
:1022300001D0032B03D1E36843F00403E360EB69AF
:102240001B78023BDBB2012B67D9614B9C427CD0EF
:10225000604B9C4277D04FF0FF335B0103F1A0430A
:1022600003F5703342F2944202219950EB695A7A95
:1022700004F580539A62EB695B7A1BB1E36843F41F
:102280000063E360EB69DB7A4BB1E36843F400433E
:10229000E3604F4B9C425AD04E4B9C425ED0636AE7
:1022A00023F00303EA69D27B134363623FB197F8DB
:1022B0002030002B5AD004F5805301221A62DEB17F
:1022C0002B7E23B104F580534FF400429A65404BB6
:1022D0009C425CD03F4B9C4257D0A36D23F4F953F2
:1022E00023F01E0396F821201343728C1343A36539
:1022F00004F5805301229A6504F5805301225A6047
:10230000AA68002A5BD12978204608F0A1F9A36CBD
:10231000DB4313F4405FFAD1F8BD2D4B9C4210D043
:102320002C4B9C420BD04FF0FF335B0103F1A043D9
:1023300003F5703341F294420221995096E701234C
:10234000F3E70023F1E7012387E7002385E7EB6943
:102350001B7B03F00F03204A53679DE7EB691B7B50
:1023600003F00F031C4AC2F8803098E7E36923F0BA
:10237000090397F82220134397F82120134343F0D1
:10238000010304F58052D36199E7012300E00023A3
:1023900096F82120102A0AD8104A0121D154728CB3
:1023A000B2F5006F07D80E4A0121D15495E70B4AC8
:1023B0000221D154F3E70A4A0221D1548DE769681A
:1023C0002046FFF769FE9EE7E39BBDFFFFF9F0871C
:1023D0000000015B00000A5000900350500D0020E7
:1023E0004C0D002070B504460D460E69436823B1BC
:1023F000636DC3F30B03002BFAD12046FFF720FED9
:10240000236923F087036A7B1343AA7B134343F0BA
:10241000800323611EB3236923F0F8032A69117F27
:1024200043EAC113117943EA4113517A43EA011394
:1024300011780B43D27B43EA82132361E36823F0D4
:10244000F04323F470232A6951690B4391690B43CC
:10245000117B43EA8123527B43EAC233E360A368E2
:1024600023F00303EA7B134343F00103A3603EB36D
:10247000A3682A69528802F4C0421343A360A36888
:102480002A69527943EA8223A360636A23F477239B
:1024900023F4EE6329698A79120102F07002134372
:1024A000CA79120202F4E06213430A7A120302F4B8
:1024B000E04213434A7F120402F470221343636222
:1024C000636923F00F032A7B13436361A6B12B6971
:1024D0005B89A3612B695A7B2AB11C4A94421AD0AA
:1024E0001B4B9C421DD02B69DA7B2AB1174A9442C0
:1024F0001FD0174B9C4222D0AA6869682046FFF77C
:10250000CBFD2978204608F0A3F8A36CDB4313F435
:10251000405FFAD170BD9B7B03F00F030D4A5367F8
:10252000DEE72B699B7B03F00F030A4AC2F8803079
:10253000D9E71B7C03F00F03064A1367D9E72B6921
:102540001B7C03F00F03034AD367D5E70000015B50
:1025500000000A5000900350F8B504460D461E4690
:1025600017463AB1FBB101228A4000EB4001090154
:102570001D4B5A50072D1ED8A90004EB44031B0124
:1025800007FA01F20F2000FA01F11848184408F088
:102590009AF83FB9FEB10122AA4004EB4404240199
:1025A000114B1A51F8BD01228A4000EB400109018C
:1025B0000F4B5A50DEE7A5F108039B0004EB440CD7
:1025C0004FEA0C1C07FA03F20F21994009486044B6
:1025D00008F079F8DDE70122AA4004EB4404240165
:1025E000034B1A51DEE700BF40D0035034C0035004
:1025F00040E003503CC0035010B5152008F093F89C
:10260000074B00245C65FF229A625C602146202013
:10261000FEF75AFF21462120FEF756FF10BD00BFEE
:102620000000045029B9044A012303FA00F01060A5
:102630007047024AF8E700BF4010045040200450A1
:1026400010B5044601212020FEF73EFF0121212084
:10265000FEF73AFF114B01225A60227812069A6067
:102660006178A27842EA01429A61FF229A620022CE
:102670009A631A644FF000425A6503F500534FF015
:10268000FF321A65152000F08BFBE178152008F069
:1026900052F8152008F04BF810BD00BF00000450A0
:1026A00070B50C46C3B201259D40214901F5005388
:1026B0001D65830003F1A04303F5882326685E604F
:1026C000637B00EB400C01EB0C1CCCF8603094F801
:1026D0000AE0E37A1B0543EA0E4394F80CE043EA70
:1026E0004E53CCF85C3022F00302CCF8702009F095
:1026F00003FC104B5D65237A0BB10E4B1D64637AAE
:102700000BB10C4B9D632379A27942EA0342084B3B
:1027100003F500518A6194F805C0E27942EA0C425F
:1027200003F58054A2614D639D6409F0E0FB70BD28
:10273000000004500010045010B5C0B201248440C1
:1027400009F0DAFB044B5A6D22EA04025A659C62D6
:1027500009F0CDFB10BD00BF0000045010B5C0B2A1
:102760000124844009F0C8FB084BDB6A234205D1F1
:10277000064B5B6B9C4306D0002400E0002409F06C
:10278000B6FB204610BD0124F9E700BF000004504D
:1027900070B50446C3B201259D4009F0ADFB084B5E
:1027A0005E6B04EB440403EB04135C6E09F09FFBC7
:1027B000354203D1C4F30A10013070BD0020FCE79C
:1027C00000000450074B4FF480325A6603F5E623AD
:1027D0009B69C3F38512827003F03F0242701B0BAA
:1027E000037070470090005038B5044608F019FF98
:1027F000864640B9054DA446BCE80F000FC59CE8CD
:10280000030085E80300704638BD00BF540D00206A
:1028100047F6FF739A427FD002297FD870B5414BAB
:1028200013F801E0BEF1010F01D9002070BD3E4B4D
:1028300003EBCE0191F802C0604613F83E30012B45
:1028400026D0394B03EBCE035C68002C68D0B4F97A
:102850000030934204DBB4F90230934200DC1346AB
:10286000A288FF2A2CD000212826C8221D46D21A71
:1028700092FBF6F20A4412B22B4B03EBCE0393F811
:1028800001E0964501DD002A2FDA0EF1FF322CE03F
:10289000CB78A3EB0C0300249C420ED2191BA3EBB4
:1028A0005101214800EBCE00406830F91100904200
:1028B00001DC0C46F0E74B1EEEE76344D8B2B5E707
:1028C000B4F90620B4F908600121CFE75C33174959
:1028D000A1FB03139B09013212B2164696450FDD88
:1028E00004EBC201898899420AD304EBC2018B68C8
:1028F000B1F9061001FB0533002BE7DA0023E5E709
:10290000013E04EBC604A2889A4200D31A469445BD
:1029100000D81046C0B289E7FF20704700207047FA
:10292000002083E764BF0008540D0020D34D6210DF
:1029300002296FD83A4B5B5C012B6DD8394911F8ED
:10294000331001292AD010B4364901EBC3014C6879
:10295000002C63D0201D334901EBC30189789142DB
:1029600034D2304901EBC301C978914233D92D49A2
:1029700001EBC30393F801C00CF1FF3C5FFA8CFC40
:10298000A388FF2B2AD00023634529D2591C30F895
:102990003110914224D30133DBB2F5E7214901EB39
:1029A000C301C978914200D20A461E4800EBC30019
:1029B0008078121AD2B2091A8A4200DD002219491F
:1029C00001EBC3035B6833F912007047B4F90200EE
:1029D0005DF8044B7047B4F90000F9E70123D3E731
:1029E0004FF47A7101FB02F200EBC3004368D31A83
:1029F000B0F9022002EBD27103EB610393FBF2F317
:102A0000B4F900009842E3DBB4F902009842DFDC3D
:102A100018B2DDE704487047034870470248D7E71B
:102A200064BF0008540D00200080FFFF08B5034874
:102A3000FFF7DAFE012008F0F8FD08BD68BF0008C6
:102A400030B583B00446694608F0EDFD00B1FEE7FD
:102A50009DF80030134A1278934217D00C2B06D100
:102A600064251049204608F0CBFD28B1FEE720463A
:102A700002F0CCFB0546F4E72946204608F0A7FD06
:102A800000B1FEE7074B1B78042B01D003B030BD2B
:102A90006946204608F0C7FD9DF80020014B1A70DA
:102AA000F4E700BFBCEC032010B58AB0EC46194C2B
:102AB0000FCCACE80F000FCCACE80F0094E803009B
:102AC0008CE80300144BD3F84C3113F4002F05D0DD
:102AD000124B1C88FF2C05D98C2403E00E4BD3F835
:102AE0005041E4B28DF81940FEF776FF241803D464
:102AF000FF2C02DDFF2400E000248DF81840084878
:102B0000FDF720FE6846FEF795FE3220FEF76AFFCD
:102B10000AB010BD90CE00080080E00F0001E00F69
:102B2000C017530208B50248FFF766F808BD00BF9A
:102B300000B4C40408B50248FFF7DEF808BD00BFC2
:102B4000C0EA210108B5034809F0E2F90020FEF7C8
:102B50004FFF08BDC4CE000810B5FEF7FFFF4D4C77
:102B6000236F23F0070343F0030323670020FFF7DD
:102B70001BF8236F23F474432367474BD3F8FC10EF
:102B800011F0807106D01A46D3F8FC3023F0807320
:102B9000C2F8FC303F4BD3F8802022F0030242F011
:102BA0000102C3F8802003F580530022C3F880207F
:102BB00031B1394AD2F8FC3043F08073C2F8FC30AE
:102BC000344CD4F8203123F0070343F00203C4F857
:102BD0002031D4F8283123F0070343F00203C4F86E
:102BE0002831D4F8803123F0030343F00103C4F803
:102BF0008031D4F8403123F0030343F00103C4F8DB
:102C00004031D4F8603123F0030343F00103C4F8EA
:102C10006031D4F8403223F0030343F00103C4F8D9
:102C20004032D4F8003223F0070343F00103C4F824
:102C30000032D4F8083223F0070343F00103C4F84C
:102C40000832D4F8703223F0030343F00103C4F8D0
:102C50007032D4F8203223F0070343F00103C4F8A4
:102C60002032FEF7CDFD4FF0E022136943F004035C
:102C70001361D4F8603223F0070343F00103C4F872
:102C80006032D4F8943223F0070343F00103C4F810
:102C9000943210BD0080005000ED00E008B50748F8
:102CA00009F036F9FFF700FFFFF73CFFFFF742FF9F
:102CB000FFF748FFFFF750FF002008BDC0CE000817
:102CC00000B583B0094B93E803000090ADF8041001
:102CD000090C8DF806106846FFF702F90920FFF786
:102CE0003DF9002003B05DF804FB00BFB8CE00083A
:102CF00010B582B0074A536F43F0010353670024B5
:102D000000948DF804406846FFF716F8204602B09C
:102D100010BD00BF00400050002808DB0901C9B207
:102D200000F1604000F5614080F80013704700F04A
:102D30000F000901C9B2014B1954704714ED00E0AE
:102D4000002807DB00F01F02400901239340024ADC
:102D500042F82030704700BF00E100E000280CDBA3
:102D600000F01F024009012393402030034A42F83B
:102D70002030BFF34F8FBFF36F8F704700E100E04B
:102D80004211064B53F8223000F01F0023FA00F0E6
:102D900080F0010000F00100704700BF00E100E09A
:102DA000002808DB00F01F02400901239340603037
:102DB000014A42F82030704700E100E010B509F008
:102DC0009BF80B4B1B783BB9094B01221A7009F099
:102DD0008EF86FF0040408E009F089F807E0052197
:102DE000204607F0A8FC013464B24B2CF7DD10BD7F
:102DF00037EC032010B5044609F075F8024B1C604F
:102E000009F06CF8002010BD6C0D002010B509F021
:102E10006AF8034B1C6809F061F8204610BD00BF3A
:102E20006C0D00202DE9F0418EB007460E46144689
:102E30001D461368D3F8008091F83130002B48D03C
:102E40000DF1180CDFF830E2BEE80F00ACE80F001F
:102E50009EE80F008CE80F0000230093019302937B
:102E6000039304930593A3680893237B012B3DD020
:102E7000022B3ED14FF44073ADF82630607B07F053
:102E800092FCADF82800CDF834D001238DF806303F
:102E9000A37B022B04D0032B02D0012B00D00023F4
:102EA0008DF80030B36B6E4A1A60B36B6D4A5A608E
:102EB000B36B00229A60B36B6B4ADA6032462946E4
:102EC000384600F0AFFA0746A8B138460EB0BDE864
:102ED000F0810DF1180CDFF8A4E1BEE80F00ACE8BA
:102EE0000F009EE80F008CE80F00B5E74FF4007369
:102EF000C2E70023C0E72369C5F8A430237E85F824
:102F0000AB30E37D85F8AA30A37D85F8A930637DD9
:102F100085F8A830A37E85F8AD30637E85F8AC30A7
:102F2000237F85F8AF30E37E85F8AE302368C5F89F
:102F3000A0304E4808F0ECFF01230422A17D607D03
:102F4000FFF70AFB01230222217EE07DFFF704FB4D
:102F5000002385F8B030206908F0DAFF96F83130A8
:102F6000002B5ED006A9404607F09DFB95F8B030D7
:102F700043F0040385F8B030227D3D4B03EB421251
:102F80001421C2F89414617DA07D227D41EA0041A4
:102F900003EB4212C2F8AC14E27D207E217D42EAAE
:102FA0000042253103EB41135A60A37B012B3DD036
:102FB000032B3BD0A37B023BDBB2012B43D995F81B
:102FC000B03013F0010F0CD0627EA17E237D42EA67
:102FD00001425B0103F1A04303F5703341F29C41D0
:102FE0005A5095F8B03013F0010F11D0227D204BCC
:102FF00003EB421241F2944102205050E27E207FC6
:10300000217D42EA004203EB411303F5A5531A6008
:1030100008F50053174ADA640521404607F018FB0B
:1030200053E706A9404607F044FBA5E795F8B03002
:1030300043F0010385F8B03000230222A17E607EB8
:10304000FFF78AFAB6E795F8B03043F0020385F847
:10305000B03000230422217FE07EFFF77DFAAEE747
:10306000CFA700086FA80008E9A70008C8CE00088D
:1030700000C00350FF3F0D03DCCE0008FCCE00086B
:1030800030B583B0007D104B00EB400203EB021221
:10309000D56E00EB400203EB02131C6F0DF107012C
:1030A00008F0B2FE9DF807304BB904F00204074B5C
:1030B0009D4201D0002003E024B1002000E0012067
:1030C00003B030BD0120FBE70000045038EC0320C2
:1030D000037D0E4A03EB430102EB0111C96E03EBC2
:1030E000430302EB0312136F03F00203084A9142F9
:1030F00001D0002070470BB900207047036A006DB3
:10310000984214BF00200120704700BF0000045007
:1031100038EC032030B583B003464169026902F1FF
:10312000FF3CC5684C6F01F17C020020C86750600D
:103130009060D060B1F87C006CF30E10A1F87C00B8
:1031400091F87E0040F0100081F87E0091F87F0039
:1031500040F0300081F87F00C1F88050C1F8844011
:10316000012081F88C0091F878000093024B6431C3
:10317000FDF75EFD03B030BD13AC00082DE9F04152
:1031800084B0044600F1380600F118080025856374
:103190007560B560F56090F83A3043F0100380F840
:1031A0003A3090F83B3043F0030380F83B30494F0E
:1031B000C7630764007DFDF767FDA5637560B560B3
:1031C000F56094F83A3043F0100384F83A3094F8FC
:1031D0003B3043F0030384F83B30E7632764207DF2
:1031E00000EB40031B0103F1A04303F58023DB6EDA
:1031F000BB4219D00DF10F0108F006FE9DF80F300B
:10320000ABB194F844306FF3410384F84430009438
:10321000314B32462146207DFDF70AFD207DFDF72A
:1032200053FD04B0BDE8F081FDF74EFDF9E72046FF
:1032300007F04EFB054602A9207D08F009FE029B1F
:10324000591E20690023A361E36123626362228B1C
:1032500061F30E122283A27E42F01002A276E27E79
:1032600042F00302E276E0612562227D1B4902EB17
:10327000420001EB0010056FC5F3400594F824707F
:1032800065F3410784F82470A57E63F30415A576E1
:10329000056FF8B265F3000084F8240002EB4202E7
:1032A00001EB02110A6F9210616A62F39F01616281
:1032B00094F8442042F0020284F84420D2B263F32E
:1032C000000284F844204FEAA808636C68F39F0367
:1032D00063649CE738EC03207BAA000800000450DC
:1032E000F0B589B004460E46007DFDF7CDFC0DF12A
:1032F0001F01207D08F088FD204607F0E9FA054609
:10330000236D83424AD2A26C934216D0238DC3F31D
:103310000A12324462F30E132385236D1E44266580
:10332000A26CE36C13449E426FD0236DAB426ED00F
:10333000207DFDF7C9FC09B0F0BD701E276904F1BE
:1033400028030021A162E16221636163B4F828C00F
:1033500060F30E1CA4F828C094F82A0040F0100076
:1033600084F82A0094F82B0040F0030084F82B0026
:10337000E762226394F82A2061F3041284F82A2079
:1033800023F00302237D42F0020203EB43031B01FF
:1033900003F1A04303F580231A67BEE79DF81F30B1
:1033A000B3B9227D1D4802EB420300EB0313596EB3
:1033B000C1F30A1131445B6E23F4FF4323F0700321
:1033C00043EA011302EB420200EB02104366A4E75A
:1033D0000494134B0393002302930196012300935B
:1033E000236902462168207D06F0E2FE237D0B4A18
:1033F00003EB430102EB0111496E21F4801103EB51
:10340000430302EB0312516687E722658DE7012330
:1034100084F854302046FFF7B1FE89E700000450DD
:103420007BAA000870B588B006460C461546A02257
:103430000021204607F072FFA446AE46BEE80F000A
:10344000ACE80F00DEF80030CCF8003004F1640C7A
:1034500005F1140EBEE80F00ACE80F00DEF80030F6
:10346000CCF80030AB6AA364EA6AE264236595F89D
:10347000302084F8952095F8332084F89620C4F8FD
:103480009830012384F89C3084F85430AB6B236669
:103490003460374B7360374BB360374BF360374B57
:1034A0007361374BB361374B3361FDF78FFB10B15D
:1034B000354A904253D1002107A8FDF705FB0028AB
:1034C0004FD19DF81C302375002107A8FDF7FCFAA9
:1034D00000283FD19DF81C3084F87830207DFDF71E
:1034E000D3FB002840D1E36C0494284A03920022C5
:1034F00002920193012300932369A26C2168207D2D
:1035000006F056FE90BB237D03EB43031B0103F142
:10351000A04303F5802342F264024FF480119950D6
:10352000AB6B93F91000FFF73BFCAB6B93F910000A
:1035300007F0FDF804F1900006F01CFE3046FFF79E
:1035400059FC2046FFF71AFE207DFDF7BDFB48B170
:10355000102007E0207DFDF70FFB102002E0102077
:1035600000E0102008B070BD1020FBE71020F9E744
:1035700021AA000835AA0008DBAB0008C5A800088E
:10358000CBA8000857AC0008038000F07BAA000815
:103590000346064A10680344054A934202D8034A88
:1035A000136070474FF0FF30704700BFD4EC03202A
:1035B00000000420BFF34F8F0549CA6802F4E0629F
:1035C000044B1343CB60BFF34F8F00BFFDE700BF39
:1035D00000ED00E00400FA05BFF35F8F074B5A6A65
:1035E00022F480325A62D3F8942022F00102C3F808
:1035F0009420BFF34F8FBFF36F8F704700ED00E053
:1036000070B5FFF7E9FFA0220021214807F052FB27
:10361000204B21498B4206D021F01F02203AB2F103
:10362000005F0FD300E01D4A1D4D286842F00102E3
:103630001C4CC4F898001C4EC4F89C60C4F8A02030
:10364000013028608B4210D01F3323F01F0343F05A
:103650000303134802681349C1F89820C1F89C304D
:10366000124BC1F8A03001320260BFF35F8F0D4BE7
:103670000522C3F894205A6A42F480325A62BFF39A
:103680004F8FBFF36F8FBFF34F8FBFF36F8F70BD3F
:1036900090ED00E0A0EC032080EC0320000004206B
:1036A000700D002000ED00E003000020E1FF03208A
:1036B00000B583B001A8FFF785F89DF80530012B10
:1036C00002D003B05DF804FB9DF80430002BF8D164
:1036D0000A4B596E03F580534FF480125A66084A1C
:1036E000536B23F0E05343F04063536311F4801FA6
:1036F000E7D1044B4FF480125A66E2E70080005095
:103700000040005A00A0005010B5002000F03EF923
:103710000446064801F03AF91CB1204600F082FB4D
:1037200010BD034801F032F9FEE700BF1CCF0008CE
:1037300038CF00080023062073B1704754B224B973
:10374000013353B15DF8044B70470228F8D0086884
:103750000A4908601046F3E710B4094A52F82310EA
:103760000A7A022AEAD9032AEAD1441EE4B2012CD9
:10377000E6D90868014908601046E1E7740D0020A9
:10378000E8EC032030B5A3B020252A4600211AA872
:1037900007F0C4FD2A4B1A9301248DF86C404FF4B6
:1037A000E1331C9302238DF87530264B1E938DF860
:1037B0007C4008238DF87E3009238DF8803000216D
:1037C000159116911791189119914FF48013159333
:1037D0001D4B1993109111911291139114911B4B40
:1037E00010931B4B14933C2201A807F097FD0DF199
:1037F000040E0DF1540CBCE80F00AEE80F00DCF82D
:103800000030CEF800300DF1180E0DF1400CBCE880
:103810000F00AEE80F00DCF80030CEF800300D4BA2
:103820000B930C958DF835408DF836400A4B0F936D
:103830000A4B1AAA01A90A48FFF7F4FA23B030BDCF
:10384000D0CE0008CCCE00083C000A500100100089
:1038500044000A50780D0020FCEC0320980D002055
:103860004C0E002008B5024807F009F808BD00BF5B
:103870004C0E002008B5024807F001F808BD00BF53
:103880004C0E002010B58EB02422002105A807F0B0
:1038900045FD334B0593334B1B88ADF82430324B39
:1038A0001B88ADF82630314B1B680B93304B1B68DF
:1038B0000C93304A05A9304801F07CFA00B1FEE7CC
:1038C0002E4B1C682E4A21462B4B186801F022FB18
:1038D00000B1FEE74CB12146274B186807F0DBFD2D
:1038E00001464FF6FF73984206D10021224B18681B
:1038F00006F0FFFE38B1FEE71F4B186801F06EFCC2
:103900000028F2D0FEE71F491B4B186801F094FC19
:1039100000B1FEE76FF0C00240F2FF33CDE90023B3
:103920004FF0FF324FF0FF331349086807F031FEC4
:1039300000B1FEE7144B1B88ADF81030ADF80C3029
:1039400004A90D4B186807F00CFE00B1FEE703A9AF
:10395000094B186807F01BFE00B1FEE70EB010BD62
:103960000FAE000846D7000844D700084CD700081F
:1039700048D70008F1AD000810ED0320D8EC032073
:10398000FBAD000807001100D8D4000882B0054B39
:10399000019302AB03EB800050F8043C186802B0BE
:1039A000704700BF10ED032010B40C78DCB190F824
:1039B00000C05FFA8CFC12F80C201A7002780132F9
:1039C0000A4B83FB024313449B11C3EB0313A2EB8B
:1039D000C303DBB203700B78013BDBB20B70012039
:1039E0005DF8044B70470020FAE700BF898888889B
:1039F00090F800C05FFA8CFC02F80C3002780132BB
:103A0000074B83FB02C313449B11C3EB0313A2EBCD
:103A1000C303DBB203700B780133DBB20B7070476A
:103A200089888888314B1B78002B5ED0304B5B6BCC
:103A300013F0010F59D030B583B02E4A136801330B
:103A400013602D4CD4E9002312F5006043F100010E
:103A5000C4E90001294B8022C3F8A0200023009371
:103A600002E0009B01330093009BB3F5167FF8DB67
:103A7000234B8022C3F8A020224B1B78DBB2FF2B04
:103A80001FD108F030FA05460DF107031E4A1F4901
:103A90001F48FFF789FF0446284608F01FFA04B3C1
:103AA0009DF80720174B1A701A4B03EB021323F0F3
:103AB00003030F4A1367012317494B63936403B051
:103AC00030BD08F010FA04460E4D2B78134A144905
:103AD0001448FFF78DFF204608F000FAFF232B70F3
:103AE000CFE7024B00221A70E9E770473BEC032056
:103AF00000000450F02500200808002000D00350EA
:103B000000E00350BFED03207026002040EC0320AE
:103B100042EC0320680E00200020045060270020A3
:103B200046EC032047EC03200246F0B10F490B8816
:103B3000C3F3072303700B88437004234FF0000C7A
:103B400003E0D15C81EA0C0C0133092BF9D940F276
:103B5000F673002102E0D05C4140013340F2FE7078
:103B60008342F8D982F802C0D17070471AEC032062
:103B700030B583B01E4B1B781BB10024204603B028
:103B800030BD08F0B0F905460DF10703194A1A498E
:103B90001A48FFF709FF0446284608F09FF9002C51
:103BA000ECD09DF80710164B1970164B8022C3F805
:103BB000A0200023009302E0009B01330093009BB0
:103BC000092BF9DD104B114A5A60114A0023136684
:103BD0004FF48033D3650F4B03EB011323F0030342
:103BE000136701230C494B639364014A1370C5E7C3
:103BF0003BEC03207026002040EC032042EC032025
:103C0000BFED032000E003500040045001000F000E
:103C100000000450680E00200020045038B5012137
:103C20002020FDF751FC204B5B6813F0010F02D1FF
:103C30001D4B01225A601C4B01229A6200212FE089
:103C40001A4C04EBC1241A484FEA011C00EB011383
:103C5000002240F80C205A609A60DA6030F80CE0DC
:103C600040F2FF7565F30E1E20F80CE0987840F0E6
:103C700010009870D87840F03000D8705C6003F184
:103C800008000C4C9C609C7862F304149C701B7BB5
:103C900062F341030371DBB262F30003037101318C
:103CA0007729CDD938BD00BF00000450D8270020A7
:103CB000680E00204400015B70B58EB00024444BB8
:103CC0001C70444B1C70444B1C70444B1C70444B88
:103CD0001C70444B1C70444B1C70444B1C70444B78
:103CE0001C70444B1C70444B1C70444B1C704FF4B4
:103CF00070322146424807F011FB424B4DF6EB6211
:103D00001A80414B1C80234608E0404AD354324974
:103D10000A780132D2B20A700133DBB2772BF4D9C0
:103D20002B4B78221A7001213A20FDF7CDFB01219F
:103D30005620FDF7C9FB0023042203211846FEF795
:103D40000BFC0023042205211846FEF705FC002386
:103D5000022204211846FEF7FFFB0123042207215B
:103D60000220FEF7F9FB2A4C4FF4A023C4F8AC3430
:103D70004FF48023C4F8A4344FF44033C4F8A8347B
:103D80001C23C4F8943406AE20220021304607F0EC
:103D9000C5FA01238DF81D300DF1040C1D4D0FCD1A
:103DA000ACE80F002B68CCF800301B4B0393059652
:103DB00001A91A4806F083FC04F580548023C4F856
:103DC000A030FFF72BFF164B00221A600EB070BD1B
:103DD00047EC032048EC032046EC032044EC03208E
:103DE00045EC032043EC032041EC032042EC03208C
:103DF00040EC03203EEC03203FEC03203DEC03208D
:103E0000D82700201AEC032018EC0320602700209C
:103E100000C00350E8D60008405DC6000000015B0A
:103E2000E825002070B586B004460023029302E026
:103E3000029B01330293029A3F4B9A42F8DD3F48BE
:103E400000F0A4FD3E4800F0A1FD3E4B196805239B
:103E500000933D4B4FF4FA623C4800F0EBFA002C23
:103E600062D0FFF729FF01221146204607F0C2FA6F
:103E7000204607F035FC00285AD10125009525235E
:103E8000334A3449204607F061FC334EB38AADF81B
:103E9000143005A9204607F07AFBB369049304A9FE
:103EA000204607F0E7FB4FF48053ADF80E300DF1DC
:103EB0000E022A49204607F0F5FB40F2E471204645
:103EC00007F0F4FB2A460021204607F0F3FB40F2FE
:103ED00004420023CDE90023204607F05AFB0022CC
:103EE0001146204607F08BFA07F0F8FB1C4B1860D0
:103EF0001A681C4B1A60204607F0F5FA0546204662
:103F000007F0EFFA0446184800F040FDF0234FF4A4
:103F100000627821154800F08DFA2246294614489F
:103F200000F088FA06B070BD124800F02FFDF9E7E6
:103F3000114800F02BFDA0E79F860100DCD40008AB
:103F400014D5000814ED0320008793035CD5000806
:103F5000D6BE898E55555500E8D60008E8150020D4
:103F6000EC250020E8250020DCD5000820D600083C
:103F700040D60008A0D50008BCD500082DE9704344
:103F8000C0B006463E4CD4E9008948EA020043EA44
:103F90000901C4E9000140F204431A4255D0394BEB
:103FA0001B78002B37D0384B1B78DBB2374AD45CF8
:103FB000374D05EBC42540F2FC72291D304607F051
:103FC00073FB0646002840D010F0030340D140F2B6
:103FD000FB739E424AD907F086FF05462A490A78B4
:103FE00001322C4B83FB020313449B11C3EB0313DD
:103FF000A2EBC303DBB20B70224A1378013BDBB2A6
:1040000013702346244A25492548FFF7F1FC28462A
:1040100007F064FF19E0304607F04AFB054611E05F
:104020002C46B5F5807F28BF4FF48074A4B2224699
:104030006946304607F038FB2D1BADB2194B1A68A4
:1040400014441C60B5F57A7FEAD840B0BDE87083AF
:10405000C3F104031FFA83F80430424600212844C8
:1040600007F05CF9B0441FFA88F6B0E7301DC6F5DA
:10407000FF6204320021284407F050F9ABE700BF8B
:104080000008002046EC032048EC032060270020B5
:10409000D827002089888888E826002043EC032060
:1040A00044EC0320F425002053B94AB9002908BF85
:1040B00000281CBF4FF0FF314FF0FF3000F082B9F5
:1040C000ADF1080C6DE904CE00F006F8DDF804E06F
:1040D000DDE9022304B070472DE9F04F099D0C463D
:1040E000002B4DD18A420F4684469646B2FA82F39F
:1040F00060D94BB102FA03FEC3F120029F4000FADF
:1041000003FC20FA02F217434FEA1E461FFA8EF410
:104110004FEA1C42B7FBF6F106FB117701FB04F0F6
:1041200042EA0742904208D91EEB020201F1FF3732
:1041300002D2904200F231813946121A1FFA8CFCE9
:10414000B2FBF6F006FB102200FB04F44CEA024C32
:10415000644508D91EEB0C0C00F1FF3202D2644515
:1041600000F21E81104640EA0140ACEB040C002135
:1041700025B12CFA03F30022C5E90032BDE8F08F27
:104180008B4205D90DB1C5E9000100210846F5E7CC
:10419000B3FA83F100294DD1A342C0F0F3809042DD
:1041A00080F0F080064623460846002DE6D0C5E99B
:1041B0000063E3E7002B40F0A3808A1A4FEA1E4712
:1041C0001FFA8EF60121B2FBF7F407FB14204FEA29
:1041D0001C4242EA004206FB04F090420FD91EEB5B
:1041E000020204F1FF382CBF4FF001094FF0000923
:1041F000904203D9B9F1000F00F0CC804446121A66
:104200001FFA8CFCB2FBF7F007FB102200FB06F64E
:104210004CEA024C664508D91EEB0C0C00F1FF324B
:1042200002D2664500F2B3801046ACEB060C40EAC1
:1042300004409DE7C1F120068B4004FA01FE22FAFA
:1042400006F720FA06FCF4408A401F434EEA0C03AE
:1042500000FA01FE4FEA17484FEA13491FFA87FC9C
:10426000B4FBF8F008FB104449EA044400FB0CF9E5
:10427000A1450ED93C1900F1FF3A2CBF4FF0010BBC
:104280004FF0000BA14503D9BBF1000F00F08B806C
:104290005046A4EB09041FFA83F9B4FBF8F308FBBA
:1042A000134403FB0CFC49EA0444A44506D93C1919
:1042B00003F1FF3801D2A4457BD8434643EA0040CE
:1042C000A4EB0C04A0FB02984445CC46434602D321
:1042D00006D1CE4504D20138B9EB020C68EB0703D6
:1042E000002D6CD0BEEB0C0264EB030422FA01F348
:1042F00004FA06F6CC4000211E43C5E900643DE700
:1043000002FA03FEC3F1200104FA03F200FA03FCEF
:10431000CC404FEA1E4720FA01F11FFA8EF6B4FB9B
:10432000F7F00A4307FB1044110C41EA044100FB7B
:1043300006F48C420ED91EEB010100F1FF382CBFB0
:104340004FF001094FF000098C4202D9B9F1000F7A
:104350002CD04046091B92B2B1FBF7F407FB1411B5
:1043600042EA014204FB06F1914207D91EEB020228
:1043700004F1FF3801D291421ED84446521A44EA51
:10438000004120E7861A64EB030301200DE7F444A3
:1043900002384AE7023C724431E702397244CCE603
:1043A000F4440238DFE602383C4472E702387144D4
:1043B000D0E7023B3C4481E7023C7244DEE72946F9
:1043C000DCE600BF704700BF08B5064B044613B1DA
:1043D0000021AFF30080044B1B6803B198472046CF
:1043E00006F050FA0000000010E9032070B50D4DF2
:1043F00000260D4C641BA410A64209D10B4D0026CB
:104400000B4C07F09DFD641BA410A64205D170BDA6
:1044100055F8043B01369847EEE755F8043B013662
:104420009847F2E7C8ED0320C8ED0320C8ED03204C
:10443000CCED03200FB407B5064904AB086853F868
:10444000042B8168019300F007F803B05DF804EBDA
:1044500004B0704718ED03202DE9F04F0D469DB0D4
:1044600014469846064618B1036A0BB900F022FBC1
:104470006B6ED90705D4AB899A0502D4A86D06F0F6
:1044800056FFAB891B0701D52B699BB929463046DE
:1044900000F0FAF870B16B6EDC0704D54FF0FF3016
:1044A0001DB0BDE8F08FAB899805F7D4A86D06F074
:1044B0003FFFF3E70023CDF80C804FF00109DFF850
:1044C000B481099320238DF8293030238DF82A30C8
:1044D00023469A4613F8012B0AB1252AF9D1BAEBE3
:1044E000040B0BD05B4622462946304606F0D8FC2A
:1044F000013000F0A780099A5A4409929AF80030D6
:10450000002B00F09F8000234FF0FF320AF1010AD8
:10451000049307938DF853301A93CDE9052354463D
:104520000522544814F8011B06F07CFE049AD8B901
:10453000D10644BF20238DF85330130744BF2B23EB
:104540008DF853309AF800302A2B15D0079A54462C
:1045500000204FF00A0C214611F8013B303B092B9B
:104560004BD9B0B1079214E0A0EB0803A24609FAB8
:1045700003F313430493D2E7039B191D1B68002B1D
:104580000391BBBF5B4242F0020207930793B8BF9F
:10459000049223782E2B0AD163782A2B32D1039BE5
:1045A00002341A1D1B6843EAE37303920593DFF894
:1045B000D4A003222178504606F034FE38B1A0EB97
:1045C0000A004022049B013482401343049314F8F0
:1045D000011B062228488DF8281006F023FE00282B
:1045E0003FD0264B1BBB039B073323F00703083345
:1045F0000393099B3B4409936AE70CFB02320C4688
:104600000120A8E7002301344FF00A0C1946059356
:10461000204610F8012B303A092A03D9002BC6D0C6
:104620000591C4E70CFB012104460123F0E703AB2D
:104630002A4604A930460093114BAFF30080074689
:10464000781CD6D16B6ED90705D4AB899A0502D4F4
:10465000A86D06F06DFEAB895B063FF51FAF0998AC
:104660001EE703AB2A4604A930460093044B00F032
:1046700061F8E4E704D700080ED700080000000046
:10468000A1AE00080AD7000838B5294B05460C46EC
:10469000186818B1036A0BB900F00CFAB4F90C30C1
:1046A000190722D4DA0607D409222A6043F040030E
:1046B0004FF0FF30A38133E0580712D5616B41B151
:1046C00004F14403994202D0284600F01DFA002369
:1046D0006363A38923F02403A38100236360236918
:1046E0002360A38943F00803A38123694BB9A389FD
:1046F00003F42073B3F5007F03D02146284606F06B
:104700003DFEB4F90C3013F001020AD00022A26081
:1047100062695242A261226942B913F08000C5D198
:1047200038BD990758BF6269A260F4E70020F7E737
:1047300018ED03202DE9FF470F7E914680460C4679
:10474000782F9A460C9E01F1430207D8622F0AD8AF
:10475000002F00F0DD80582F00F0C38004F14206E6
:1047600084F842703AE0A7F16303152BF6D801A153
:1047700051F823F0CD470008E14700085D470008E5
:104780005D4700085D4700085D470008E1470008F5
:104790005D4700085D4700085D4700085D47000869
:1047A000F74800086F480008AF4800085D47000858
:1047B0005D470008194900085D4700086F48000878
:1047C0005D4700085D470008B748000833681A1DB8
:1047D0001B68326004F1420684F842300123A8E0ED
:1047E00031682368081D30601E0601D50D6803E09E
:1047F0005D06FBD5B1F90050002D616878DA2D20F7
:104800000029A16084F843002DDA6D425D480A2337
:104810001646B5FBF3F103FB1157C75D06F8017DA2
:104820002F460D46BB42F4D9082B0BD12368DF0776
:1048300008D5236961689942DEBF302306F8013C40
:1048400006F1FF36921B22614B4603AA21464046E1
:10485000CDF800A006F074FB01306FD14FF0FF30AF
:1048600004B0BDE8F08723F004032360CDE721689E
:104870003368080653F8045B02D4490648BFADB25A
:104880006F2F33603F4814BF0A230823002184F8A8
:1048900043106668002EA660BADB216821F004018F
:1048A0002160002DB4D1002EB2D11646BCE723689A
:1048B00043F02003236078273348236884F8457049
:1048C0001F06316851F8045B02D45F0648BFADB2E1
:1048D0003160D90744BF43F0200323601DB110238A
:1048E000D4E72848E9E7236823F020032360F6E7AC
:1048F00024480A23CDE733682568181D61693060B4
:104900002E061B6801D5196002E06806FBD51980E8
:1049100000231646236197E7336800211A1D326091
:104920001E686268304606F07DFC08B1801B60603E
:1049300063682361002384F8433085E723693246A6
:1049400049464046D047013088D023689B0714D49D
:10495000E068039B9842B8BF184681E701233246BE
:1049600049464046D04701303FF478AF0135E3680F
:1049700003995B1AAB42F1DCEAE7002504F1190662
:10498000F5E700BF15D7000826D70008024B0146FF
:10499000186806F047BB00BF18ED0320002310B5D0
:1049A00004468360818119464366C281082283617F
:1049B000C0E90033C0E904335C3006F0AFFC0D4BB6
:1049C000246263620C4BA3620C4BE3620C4B2363C7
:1049D0000C4B9C4206D003F16802944202D0D033C3
:1049E0009C4205D104F15800BDE8104006F09EBC81
:1049F00010BD00BF5BB200087DB20008B5B2000870
:104A0000D9B20008D8E70320024A0349034806F058
:104A100067BC00BF68ED0320D5B100081CED032082
:104A200041680C4B994210B5044601D006F0D2FB08
:104A3000A168094B994202D0204606F0CBFBE16801
:104A4000064B994204D02046BDE8104006F0C2BB98
:104A500010BD00BFD8E7032040E80320A8E80320EA
:104A600010B50B4B04210B4C0B4A20461A60002258
:104A7000FFF794FF04F1680001220921FFF78EFF80
:104A800004F1D00002221221BDE81040FFF786BFDA
:104A900010E90320D8E70320094A0008014806F07E
:104AA00046BC00BF4AEC0320014806F041BC00BFF1
:104AB0004AEC032010B50446FFF7F0FF236A1BB150
:104AC000BDE81040FFF7F0BF044B2362044B1B68A6
:104AD000002BF5D1FFF7C4FFF2E700BF214A000821
:104AE00010E9032038B50446064D08461146002259
:104AF0002A601A4605F0DFFE431C02D12B6803B181
:104B0000236038BD14E9032038B50546002941D09B
:104B100051F8043C0C1F002BB8BFE41800F02EF92C
:104B20001D4A136833B9636014602846BDE83840F5
:104B300000F02AB9A34208D9206821188B4201BF8E
:104B400019685B6809182160EDE71A465B680BB1CC
:104B5000A342FAD911685018A0420BD12068014431
:104B6000501811608342E0D118685B6808445360B4
:104B70001060DAE702D90C232B60D6E720682118F1
:104B80008B4202BF19685B680918636008BF216027
:104B90005460CAE738BD00BF1CE9032038B50023C4
:104BA000054D044608462B6005F06AFE431C02D101
:104BB0002B6803B1236038BD14E9032070B50F4E94
:104BC0000C460546316811B900F0E4F83060214622
:104BD000284600F0DFF8431C03D14FF0FF34204695
:104BE00070BDC41C24F00304A042F8D0211A28464A
:104BF00000F0D0F80130F2D1EFE700BF18E9032050
:104C00002DE9F041CD1C064625F0030508350C2D95
:104C100038BF0C25002D01DBA94204D90C233360D9
:104C20000020BDE8F081314F00F0A8F83B681C4639
:104C300044BB29463046FFF7C1FF431C044650D110
:104C40003C682146002941D1002C44D023683046DD
:104C500004EB030800F09EF880453CD12168304603
:104C60006D1A2946FFF7AAFF013034D023682B4480
:104C700023603B68002B36D05A68A24229D100221B
:104C80005A600EE02268521B1DD40B2A16D96119F6
:104C9000A342256018BF5960636808BF396062513C
:104CA0004B60304600F070F804F10B00231D20F03B
:104CB0000700C21AB5D01B1AA350B2E7A34262681C
:104CC000DED13A60EDE723466468B1E70C464968F7
:104CD000B8E71346CEE70C233046336000F054F8B3
:104CE0009EE70560DDE75B60FFDE00BF1CE9032097
:104CF00038B50023064D0446084611462B6005F0E2
:104D0000C2FD431C02D12B6803B1236038BD00BF34
:104D100014E9032038B50023054D044608462B60EE
:104D200005F0B6FD431C02D12B6803B1236038BDEA
:104D300014E9032038B50446064D08461146002202
:104D40002A601A4605F0A6FD431C02D12B6803B168
:104D5000236038BD14E9032038B50446064D0846E3
:104D6000114600222A601A4605F096FD431C02D126
:104D70002B6803B1236038BD14E90320014806F015
:104D8000D6BA00BF49EC0320014806F0D1BA00BFF3
:104D900049EC032038B50023054D044608462B6036
:104DA000FEF7F6FB431C02D12B6803B1236038BD2C
:104DB00014E903202DE9F843DFF860900646D9F89E
:104DC000008008461746B8F1000F03D00E24204695
:104DD000BDE8F88306B3336801331DD1E1B100F0BB
:104DE00061F805460028F1D0C9F8000000F080F80D
:104DF000284606F015FB044640B14046C9F800803D
:104E000000F076F8284606F006FBE0E73560002F54
:104E1000DDD02846B847DAE72124D8E720E9032087
:104E2000024B1868003818BF0120704720E90320A2
:104E300038B5194B05461B680C4603B1984744B179
:104E4000236833B11B68013303D0E3680BB1A36857
:104E50004BB906F074FE00204FF4C172412100F0FE
:104E6000F5F9212038BD204602F00EF800230B4A48
:104E700085F83C31C5E93743C2E9003363694BB17A
:104E8000074A422110684FF4D272C31A584258415F
:104E900000F0DCF90020E5E744EB0320A0EC032060
:104EA00078EB0320F8B5044607F01DF80026074606
:104EB0000E4B1B6893B19E68AEB196F82420D207C2
:104EC00011D435460FCC0FC50FCC0FC523682B600E
:104ED00096F8243043F0010386F82430384606F073
:104EE000FDFF3046F8BD1B68E4E700BF78ED032006
:104EF00010B5044618B9054B054A136010BD00F003
:104F000045FAD4F8E830002BF6D1F4E703B40008F2
:104F100074ED0320084B10B4002A14BF14461C463D
:104F2000064B1C6019B15DF8044B06F0C0BA084688
:104F30005DF8044B704700BF03B4000874ED032014
:104F4000D0F8E0302DE9F04105460C4613B1C38D91
:104F50008B424CD0D5F8DC30002B4BD09E68002E15
:104F600048D0D868002845D0013800B200281ADBA4
:104F7000002106E0128A591CA24217D209B28842C7
:104F800011DB0B1803EBD3735B1003EBC30206EBCF
:104F90008202B2F80EC003F1FF3EA445EAD90FFA2F
:104FA0008EF08842EDDA2120BDE8F0814FF6FF72E5
:104FB00099B29142F7D09BB203EBC30306EB830691
:104FC0002846B6F9122095F83011D5F8F080FDF793
:104FD0001FFC0746B8F1000F04D0002332462846D4
:104FE0001946C047EC85C5F8E06085F839710020A6
:104FF000BDE8F0810E20BDE8F08100BF2DE9F0474B
:1050000082B004460F46164601F062F9002863D1CB
:105010004F4D2B68D4F8DCA0D4F8E0800BB1534599
:1050200076D04FF00009AF6001F074F9012807460F
:1050300065D1204606F037FD002851D12B68DAF8FB
:105040000010D8F8002013B1186888426BD02046B1
:1050500006F01DFDC5E900A8D4F8F0508DF80760F2
:10506000002D67D00022204611460DF10703A84706
:10507000204600F0F5FC0546B9F1000F0FD076B9D7
:10508000D4F88C300BBB012F05D025B1314B00215A
:1050900003205B689847284602B0BDE8F087B5FA60
:1050A00085F040F207523321400900F0CFF8314635
:1050B000204600F035FF284B05461B684146204638
:1050C0009847D4F88C30002BDDD000224FF40073C9
:1050D000204600F06BF9D6E700231D4D6B6098E782
:1050E00094F825309A07A9D5D4F894305B05A5D556
:1050F0001A4B0122002120461B6898479EE7002199
:10510000012000F08BF901F005F90128FBD190E7AF
:105110006B68002B85D0434583D1AB689F4215D087
:105120004FF001097FE7696811B10968914291D098
:1051300059688CE794F82A1094F83931324699422C
:1051400028BF1946204600F0DDFB91E70025A2E7C5
:10515000A0EC032080ED032074ED032048EB032036
:10516000F8B50F46054606F0BEFE39460646284607
:10517000FFF7E6FE044620B1304606F0AFFE2046BB
:10518000F8BD01F087F8224639462846FFF736FF7A
:1051900004460028F0D1284606F085FC0028EBD014
:1051A00095F8253013F002030DD0D5F894305B0547
:1051B0000DD5B5F82A31BB420BD0B5F82C31DB1B2D
:1051C000B3FA83F35B09044A82F8DC30D4E7234660
:1051D000F9E70123F7E700BF003E00B070B50446D1
:1051E0000E4606F080FE314605462046FFF7B8FF22
:1051F000044620B9044B01465B68032098472846C3
:1052000006F06CFE204670BD80ED032013B5044609
:10521000694606F008FA204606F046FBFF280246DB
:1052200006D020469DF80010FDF782FB02B010BDAD
:105230000048FBE70080FFFF08B50B460249194014
:1052400006F0F5F9002008BD0700110010B550B9AF
:105250000548064B0160064802601868054B186057
:10526000186805F0C0FD10BD7CED032020E9032087
:1052700028EB032024EB032010B50446D0F81821B6
:105280000B4B4FF40061C3F8C42090F82420D201E6
:1052900002F4006204F016FF94F8243013F0100FAB
:1052A0004FF4007314BF034A034A536410BD00BF98
:1052B000003E00B0001002B8002002B8D0F8E43080
:1052C00013B11A68032A10D8094BDB6BC3F3C2026F
:1052D00013F0380F03F0070018BF504313F4E07FBA
:1052E000C3F3821203D050437047986A400E704750
:1052F000008001B8431C07D06FF0FF02034B104041
:105300005A62A3F580535862704700BF00E000B8AE
:1053100010B504234FF03A4101240A4AD1F818018C
:10532000C2F81831C2F814314C634FF400511163C4
:10533000410742BFC2F81431A2F58052C2F81831B9
:1053400010BD00BF002000BAF8B504460F4616464F
:1053500006F0C9FD0546A047044620B1284606F0E0
:10536000BDFD2046F8BD04F045F804220549D1F8FA
:10537000F03E23EA07033343C1F8F03E024B5A6480
:10538000ECE700BF003000B0002002B838B103687D
:10539000044A002B08BF1346034A13607047014BB1
:1053A000FAE700BF85B7000890ED032010B4D0E9FC
:1053B000544122400B4052EA030104D003495DF8F6
:1053C000044B096808475DF8044B704790ED0320D3
:1053D0000F2938B505460C460ED800F09BFF012872
:1053E0000CD1074A2846936E23F00F03234393669C
:1053F00006F05CFB002038BD2120FCE70220FAE724
:10540000003F00B0014BD86E704700BF003F00B0B6
:10541000014B0020D9667047003F00B003282DE9FA
:10542000F347884664D8344B13F80090334B1E5C26
:10543000334B13F800A006F056FD074603F082FF39
:10544000054640B100230022CDE9003301200023AE
:10545000002103F0A5FD03F07DFF48B100230022E9
:10546000CDE90033002000234FF4004103F098FD04
:10547000002E3BD0234BDC6C04F00804224B314659
:10548000DC64484604F014F852463146484604F0BD
:105490009DF81E4BDC64DDB11D4B1868D0F89410EC
:1054A000F83002F075FD1B490868FFF723FF4FF045
:1054B000FF330B60184B1A68511C06D06FF07E400A
:1054C0001649C863A1F58051CA634FF0FF321A60D4
:1054D000B8F1000F04D0124B002103205B689847FD
:1054E000384602B0BDE8F04706F0F8BC3446C5E7E0
:1054F00002B0BDE8F08700BF58D7000854D70008B5
:1055000050D70008004000B8006000B8005000B854
:1055100020E903208CED032088ED032000E000B893
:1055200080ED0320074A084B30B10221C2F8641213
:105530000422C3F8642270470421C2F864120222D4
:10554000F7E700BF006001B8005001B870B50D4624
:10555000064620B91C4B1B68D3B10E2017E000F0A3
:10556000D9FE01282DD1194B93F90040D6F8E4302B
:10557000C4F11C040BB193F92630E41A641BC4F186
:105580002B03002BB8BF5B42232B0CDD212070BD09
:1055900001F10F03002BB8BF5B42232BF6DC0B4B52
:1055A00019700020F3E786F8285006F09CFC084AA2
:1055B000136A23F4FF2343EAC423136206F08EFC2C
:1055C000EFE70220E3E700BF20E903204BEC0320D4
:1055D00000C000B810B5FFF74FFE03F01DFA06F04B
:1055E00082FC0A4A0121D2F8C03E044623F020037F
:1055F000C2F8C03E0222064B08469A60054B5B6823
:105600009847204606F06AFC002010BD003000B02C
:10561000001002B880ED0320094B08461A6D910274
:105620000BD4D3F84021D20708D4D3F8803013F438
:10563000706F14BF0120002070470120704700BF29
:10564000004001B8F8B50D46D0F8943002EA0104E4
:1056500023EA01032343C0F894304D4A01F00B03C1
:1056600023EA0401D1642340A2F580526F07064665
:10567000D36410D50121FFF7CFFF60B103F0BAFE6C
:105680004FF4007314F0040F14BF424A424A1365EA
:105690000422424B5A64E90606D514F0100F14BFD9
:1056A00000221B223E4B5A652A0618D5230611D527
:1056B0004FF40012374BDA6406F015FC0E21074652
:1056C000032002F0EDFB40F20122354B3846DA624E
:1056D00006F004FC214606F1F80002F059FCEF0543
:1056E00003D5E0053DD502F0C9FBA90503D5A20508
:1056F0003AD502F0CFFB15F48C6F1DD014F4806204
:1057000037D096F825309B070CD5F28DB6F82A31A4
:1057100093422CD0B6F82C319F1A7B427B41214A10
:1057200082F8DC30D6F8E410304606F02CF88022FF
:105730001D4B98671D4B1A612B0510D503F05AFEBF
:105740001B4A14F4006FD2F8F03E14BF43F000631C
:1057500023F00063C2F8F03E0422104B5A6400208C
:10576000F8BD02F085FBC0E702F08EFBC3E7012322
:10577000D5E76805D6D596F825309907D2D5094BD7
:10578000114683F8DC200B4B30461B689847C9E76D
:10579000006000B8005001B8006001B8002002B8F5
:1057A000004000B8003E00B0003F00B0000002B86A
:1057B000003000B048EB03200A78022A11D0101FF5
:1057C0004242424152004B781201022B0BD0191F6A
:1057D0004B424B415B000549054842EA8312FFF703
:1057E000B3BD0122EFE70123F5E700BFF0FFFF00A3
:1057F0005D6300080B78022B10D0181F4342434111
:105800005B004A78022A0BD0111F4A424A415200DB
:105810000F21044843EA8202FFF796BD0123F0E717
:105820000122F5E7896300082DE9F8430E78044664
:10583000042E0D4690F830810BD100275FFA87F9CE
:10584000484601F0C3FB08B14E4602E00137042F81
:10585000F4D1304601F0BAFB002849D094F8303139
:10586000B34209D1AA88D4F8A4309A4204D16A88F4
:10587000B4F832319A4238D084F83061AB8830467F
:10588000A4F834316B88A4F83231AB8804F59875EC
:10589000C4F8A430FF2384F82B3006F057F984F8BD
:1058A0002A00284601F022FB18BB284601F084FBA1
:1058B000F8B9D4F8E03053B194F83011414506D02E
:1058C0002046B3F91220FCF7A3FF84F839012046E3
:1058D00001F0FAFB0949A4F834010123084AD1F880
:1058E000FC1004F1F80003F091F90020BDE8F88302
:1058F00021200C2384F83031F8E700BF004F00B0BE
:10590000A43F00B070B5054690F830010C460C2855
:105910001FD0FF2901D1212070BD1AB14FF0FF32F5
:105920000D4B1A6006F012F9064695F8300101F0A9
:10593000BDFB844228BF0446E4B2B44238BF3446BB
:10594000E0B285F82B0001F0DDFCFF28E3D0002059
:10595000E2E70220E0E700BF98ED032010B590F8E1
:10596000303104460C2B44D0D0F8E03080F82A10B7
:10597000DBB3D0F8F020D2B990F839318B421CD388
:1059800000222046FFF7BEFF48BB1B4B1B7813F0DD
:10599000FD0F23D1204601F097FB18490123184A37
:1059A000D1F8FC1004F1F80003F030F916E0B0F97A
:1059B0004220B3F912309A42E2DD0022204694F8E8
:1059C0003911FFF79FFF50B9C4F8E000204605F0F9
:1059D000B0FD4FF6FF739842014601D1002010BD83
:1059E0002046BDE81040FFF7BBBBFF2380F82B30FB
:1059F000F4E70220F3E700BFB8ED0320004F00B04A
:105A0000A43F00B0F0B51D46144B04461B780F466A
:105A1000164685B05BB1D0F8E030E3B102AAB3F925
:105A200012300092002204F05CFE05B0F0BD02A925
:105A300005F0F9FD9DF808103A462046FCF7E8FE0F
:105A4000014626B92A462046FFF75CFFEDE72046CF
:105A5000FFF784FFE9E71846E7E700BF67BF0008E4
:105A6000F0B504468FB000F00DFED4F89C3005462A
:105A7000012B00D010B128460FB0F0BD6C49204674
:105A800006F09AF8D4F8E0600146E58DC4F8E40029
:105A90003EB133682BB15B681BB11A68032A00F270
:105AA000A48006F020FA01462046FFF707FC0746CF
:105AB000084606F013FAD4F8E410B3898DF80E7096
:105AC000EB1A9BB2D6E9012000FB03225948ADF83E
:105AD0000C3003680292994207D0204605F053FE2D
:105AE00080225549554B88671A61554D534E00F039
:105AF00011FC0128FBD12B6CDB07F8D4736CDF01A0
:105B0000F5D4D4F8E41020460D919DF80E200299AA
:105B100008AB02F0A3FD002847D100F0FBFB0128F1
:105B2000FBD1464A4649536CD801FCD40B6CDB07C9
:105B3000F9D408A901A802F017FF0546002834D1BE
:105B4000E28D404B5A6494F8243060F3410384F8AA
:105B5000243000F021FED4F8E0305969431E0E686D
:105B6000DBB2FD2B049624D84B680128059330D175
:105B70000126DF1C06D90133334B5B6846D0DA1CA3
:105B800041D80593024604A9204600F0C7FD002E27
:105B90007FF471AFD4F85431990529D494F82430A6
:105BA00043F0020384F8243065E7022528460FB04D
:105BB000F0BDF71C13D9244B01361B6818BF012612
:105BC000DA1C1BD804934B68FF280593D1D0002022
:105BD000D8E70246204604A900F0A0FD4BE74B6839
:105BE000FF280593C4D02A46F4E79F6A7F0E64E736
:105BF00020464FF4803105F028FD3CE7FF284B6834
:105C000013D00593C3E7FF28C1D1E0E7DE1C06D817
:105C10000246204604A9059300F080FDBAE7FF285C
:105C2000B8D10022204604A9F6E701200593A0E799
:105C3000FC4F00B030EB0320003F00B0000002B882
:105C400000C002B8008001B8A0ED032038B590F87C
:105C50003C510446002D37D006F045F91F221B4B5E
:105C6000013D1A651540A3F580531D65D4F8402108
:105C7000A3F580539A67D4F84421DA67D3F840310A
:105C8000DB071AD5D4F8E430DBB11A68122A18D928
:105C9000196D4FF0FF3320290A4628BF202219B181
:105CA000C2F120029340DB43084AC2F84431D4F8E1
:105CB000A0201340064AC2F84431BDE8384006F03F
:105CC0000DB94FF0FF33EFE738BD00BF006001B8FA
:105CD000005001B8F0B54A780446012A0E46A7B034
:105CE00000F2E5800B78052B00F2E1802BB1012A50
:105CF00040F0DD80052B00F0DA803388A4F8F63020
:105D00003578002D35D102F03DFC4FF06052694BE3
:105D1000C3F88C5003F59033DA6401F08FFB664BC7
:105D20001B7813B10622654B9A674FF08052644B83
:105D300004F1F8001A65D4F8941002F029F94FF430
:105D40008072604BC3F81821C3F814217378002BBC
:105D500040F0A7804FF03A4341F6FF721A67602285
:105D6000594BDA6403F5E833402200205A6427B027
:105D7000F0BD4FF03A431C6D5B6D1C4414F00304FE
:105D8000E4D11822214608A804AF05F0C7FA013D66
:105D9000102221463846CDE90144039405F0BEFAAD
:105DA000032DD3D8DFE805F0166B0268474D19AC18
:105DB0000FCD0FC40FCD0FC40FCD0FC42B682C22F5
:105DC00000210EA8236005F0A9FA07238DF83830CA
:105DD000022313E03E4D19AC0FCD0FC40FCD0FC4FD
:105DE0000FCD0FC42B682C2200210EA8236005F0D4
:105DF00095FA07238DF838304FF400734FF40012F2
:105E00000F93344BDA64344B08221A930023CDE904
:105E10000423ADF866302093069319AB08930EABBC
:105E2000099301ABCDE90A3702F0ACFB08A802F0F8
:105E3000E1F802F011FB02F007FB1E4A936F23F01A
:105E4000060343F0040393674FF480221E4B9A64C9
:105E50004FF0805203F5E0331A6503F083FA00280F
:105E60003FF474AF4FF48073164AC2F81431A2F5B0
:105E70008052C2F8183169E7184D19AC98E74FF411
:105E80000013144CE36402F07DFB4FF06052144B9E
:105E9000DA644FF0C1530422E364064BC3F88C204C
:105EA000CBE76022054BDA6403F5D8335CE72120A9
:105EB0005DE700BF004000B84CEC0320006000B874
:105EC000002002B8002000BA005000B860D70008D7
:105ED00094D70008005001B8800000BAC8D7000865
:105EE000006001B870B54FF03A434FF480640A4D3A
:105EF000D3F818610020C5F81841C5F8144103F023
:105F00003DFB4FF400532B67730542BF034BC5F8AD
:105F10001441C3F8184170BD002000BA001000BA47
:105F20002DE9F04104460E4619B990F824305A067E
:105F30004AD44FF6FF73618ED4F8E470994204D0CE
:105F4000334B1B680BB120469847324D2B68BB4240
:105F500056D0314B1B6833B1002F54D0396801B192
:105F6000B968204698474FF00708204601F0ACF882
:105F7000002E3AD0294B93F90030C3F11C0317B11E
:105F800097F926209B1A062094F9286024499B1B28
:105F90000A6ADB0222F4FF2203F4FF2313430B629D
:105FA000D4F8E4201F4B2A60986701F047FA0025D7
:105FB00001211D4A1D4B1170204683F8845005F0C5
:105FC00075FD2846BDE8F0814FF6FF71114DD0F800
:105FD000E4702A6866F38613BA42418680F824305A
:105FE000B7D101F071F84FF00108114A4346D2F8D9
:105FF000FC1004F1F800A2F65C7202F007FEB9E7AB
:106000004FF00108B1E7394620469847ABE700BF9B
:1060100038EB032030EB032034EB03204BEC032060
:1060200000C000B8006000B84CEC0320003F00B096
:10603000004F00B0054A12681AB190F81E1119B944
:106040001047084601F03EBF014870472CEB032083
:1060500000FEFFFF3A4B2DE9F7431C6801F400797D
:1060600000F00103174653EA090206460D4640D0E8
:106070004FF0000893B30023002201200021CDE956
:10608000008802F08DFF41462046FFF7D3FF012232
:1060900041462086104605F015FAD4F8941004F114
:1060A000F80001F075FF27490868FFF723F94FF062
:1060B000FF330B60244B1A68511C06D06FF07E40F2
:1060C0002249C863A1F58051CA634FF0FF321A60BC
:1060D00094F8243043F0040384F82430B9F1000F1D
:1060E00007D00121204605F0B0FA25F400750643DB
:1060F0000D432B4632462046FFF758F9FB070FD5D4
:106100001349144A08680021136811600121124ADA
:10611000117003B19847114B002102205B6898472A
:1061200017F00E0F08D04FF409723B21002003B086
:10613000BDE8F043FFF78AB803B0BDE8F08300BFC5
:1061400020E903208CED032088ED032000E000B857
:106150003CEB032040EB03204DEC032080ED0320BB
:1061600008B558220021064805F0D8F81022FF2172
:10617000044805F0D3F803F0C3FF002008BD00BFBA
:10618000F43E00B0383F00B073B586216F22A0F80E
:1061900014118221C0F80021C0E9411264220C23AD
:1061A000C0E9432207224FF0FF35002680F8303146
:1061B0004FF6FF730446C28700F14C028264204A06
:1061C000C385A0F8403080F82C30438642630387B3
:1061D00080F82860C0F8A450458580F8265003F068
:1061E000CBF82046FFF7BCFF0122164B2046C3F830
:1061F000382294F92810FFF7A9F96023124A41F6D2
:10620000FF71D3644FF03A42116311670F4A294678
:10621000D36440220E4B20465A64D4F89420FFF7F2
:1062200011FA0E230022CDE9003340F2022310467A
:10623000194602F0B5FE00F0E3FE304602B070BD34
:106240004000FFFF005001B8004000B8005000B807
:10625000002002B838B505F046FE4FF6FF710A4A35
:1062600013888B4203D105F039FE0E2038BD074C50
:10627000074D1B046567A4F580546367118005F022
:106280002DFE0020F2E700BFB6ED0320006001B84C
:106290000000FFFF08B50B4BD3F84C114B1C10D07E
:1062A00011F080410DD1084B1B6813B10320FFF79B
:1062B000B5F84FF08062054B1A6501225A6102223F
:1062C0009A6208BD0080E00F20E90320001002B8A8
:1062D0004FF40022034B586C03F500535A64C0F38B
:1062E000C0407047000002B890F92430002B0CDA4F
:1062F0004FF08053064A29B19360A2F58052D360D3
:1063000000207047D3609360FAE70E20704700BF0B
:10631000006001B80F4BDB68C3F30363013B0B2B39
:106320000FD8DFE803F006060C06060606080A0882
:10633000080802207047042070470520704703209A
:106340007047054B5B6913F0060F0CBF012004205A
:10635000704700BF000002B800C001B8094AD36806
:10636000C3F303630B2B08D06FF49050184100F077
:10637000010080F0010040007047506C10F4803044
:10638000EDD17047000002B80C490D4ACB68C3F349
:106390000363062B07D8042BD8B20BD8C31E584270
:1063A000584140007047072B06D1D1F868011040D2
:1063B000ECD170470220704700207047000002B8FF
:1063C0005FFFF9FF094BDB68C3F303639A1E012AE1
:1063D0008CBF00220122012B02701EBF4FF402620B
:1063E00022FA03F303F001030B707047000002B8B8
:1063F00011F0010311D09AB9552391FAA1F193FA42
:10640000A3F34A081B0F490042EAC37201F00203DA
:10641000C0F8A02080F82930704722B9AA23ECE701
:106420000023024AF4E7014AF2E700BFB7563512EB
:106430000F2370B51B4C11F0010F63671A4B14D07A
:106440009AB901225A674FF0FF32C4F84421D0F8BC
:10645000A020C3F844214FF07042C4F8482190F8BE
:1064600029201207C3F8482170BD4FF0FF360225DE
:106470005D67C4F84461D0F8A060C3F844614FF090
:106480007046C4F8486190F829402407C3F8484191
:10649000002AE9D0836C19604FF03A43C3F8F450F6
:1064A000E2E700BF006001B8005001B813B590F8F2
:1064B00027300446033BDBB2072B96BF134A00216B
:1064C000D15CFEF7A5FF012001F090F84FF4F062D7
:1064D0000F4B0020DA644FF40072A3F58053DA64A6
:1064E00094F8273001905A1F012A0AD80421094B39
:1064F0000DEB01009B6F0193012200F0A9FA02B09D
:1065000010BD093B012BFAD80121F5E7FCD70008A3
:10651000006000B8004001B8012310B580F81631C2
:106520002823C0F8FC300223044680F82730044BAF
:10653000196804F0DAFF2046FFF7B8FF002010BD0D
:106540008CCE000838B5194B04461D6845B1EB6880
:1065500033B1286801F0D0FBAB68186801F0CCFBC0
:10656000134B144A1B6813602BB1DA681AB19B688D
:10657000186801F0C1FB104B1B682BB1DA681AB127
:106580009B68186801F0B8FB0C4B1B682BB1DA68EC
:106590001AB19B68186801F0AFFB2046FFF7BCFFFB
:1065A0002046BDE83840FFF781BF00BF8CCE000811
:1065B00088CE000850EB032084CE000880CE00086F
:1065C000F8B5D0F8403104468B420D46164603D14B
:1065D00090F83C31202B0ED0324629462046FFF75A
:1065E00007FF202384F83C310023C4F84051C4F84D
:1065F0004431FFF72BFB4FF00077074B32465F64C7
:1066000029462046FFF714FF8022044B1A6103F548
:1066100000535F64F8BD00BF001002B8000002B86C
:10662000072330B5144CE363144B61B94FF4804237
:106630004FF48041C3F80811C3F80C21C3F81021AE
:10664000C3F8142130BD44250D4940F040004D638E
:1066500088630121D9634FF480414AB1C3F808111E
:10666000054BC3F80C11C3F81011C3F81411E9E776
:10667000C4F80811F4E700BF006000B8005000B88B
:10668000004000B810B590F82730022B08D11C4B01
:10669000D3F89C1031B9C28D272A0ED90E2002E002
:1066A000042B01D0002010BD154BD3F89C30002BDB
:1066B000F8D1C28D272AF1D80121124B12481B684C
:1066C000834219D031241148181A434243415B00D8
:1066D0000B48A0F8B64050246343282404FB013340
:1066E0000B491944895CFA31A0F8BC1009490B44E4
:1066F0009A5C094B1A70D5E76FF003040123E7E7B2
:10670000003E00B078EB032000F04902005A62021C
:10671000F4D8000804D800084EEC032010B5124B42
:106720000C68C3F87842C3F87C42C8B1D0F8E030B6
:10673000B3B15B69A3B1501EC0B2FD2812D90134B8
:1067400004BF6FF0010008600868FF2A186007D1D5
:106750004A68013202D16FF001024A604A685A6009
:10676000002010BD012AF2E7004001B8FF2818BF41
:10677000C3434FF0180108BF1023064A18BFDB00BF
:10678000C2F8FC1318BF03F00803A2F58052C2F848
:10679000FC337047002002B8024BD3F8F807C0F36F
:1067A000C0407047000002B84FF03A43D3F81421BC
:1067B000D2031ED54FF480320E49C1F81421A1F541
:1067C0008051C1F818215A6DD1B2C2F30722C3F823
:1067D000A410C3F8A4200422C3F8A4200022C3F804
:1067E000A420C3F8A420C3F8A420C3F8A420C3F8AD
:1067F000A4207047002000BAF0220B4B01219A64BC
:10680000A022A3F580539A644FF03A43826CC3F8F8
:10681000F410FC21C3F8CC10C3F8D0204FF4005280
:10682000C3F8F020704700BF006000B8F8B54FF023
:106830003A440D461746064605F055FB012304224F
:106840006363084BE76026616561C3F814214FF06C
:106850000042054BC3F8802105F040FB0DB1022337
:106860006363F8BD002000BA00E100E02DE9F041CB
:1068700005460124006800F00700063004FA00F322
:10688000A868EC685E1EA04262D000EA060E6C6842
:1068900010441E430640A3EB0E000EEB040C824294
:1068A000644618D9D31A0EEB030298B1431E052B88
:1068B00004D94B1CACEB0303022B59D80B460844FC
:1068C000ACEB010E03EB0E0113F8014B83420C708D
:1068D000F8D101466C688AB1531E052B01F1010302
:1068E00002D9E01A022812D80A44611E00E00133DE
:1068F00013F8010C934201F8010FF8D105F0F3FAF7
:106900000223AE60AB62BDE8F04105F0E7BA0B468A
:10691000204622F0030E8E4453F804CB734540F812
:1069200004CBF9D122F00303D01A920701EB030C38
:1069300004EB0307E2D0CA5C0128E254DED09CF8E5
:10694000013002287B70D9D09CF80230BB70D5E7AB
:10695000042A35D90878043AA86148780431A86136
:1069600011F8020CA86111F8010CA861A8688CE765
:106970000B4620F003070F44ACEB010E1C684EF8E9
:1069800003400433BB42F9D120F0030310F0030F9E
:1069900001EB030EA0EB03040CEB030728D011F866
:1069A0000380012C0CF8038022D09EF80130022CC9
:1069B0007B7018BF9EF80230084418BFBB7088E790
:1069C000013A032A12D8DFE802F00F1507020B463E
:1069D00013F8012B1946AA610A4612F8013BAB6174
:1069E000114611F8013BAB610B78AB61BDE8F0815A
:1069F00008446EE70A46F3E72DE9F7430746884661
:106A000014464FF00109860106F13A460C36356A04
:106A1000C5F30C0585B1F368A54228BFA5B22A4687
:106A200041463046CDF800909BB205F04AF8641B11
:106A3000EDD103B0BDE8F083002CFAD00223034A65
:106A4000FF00BB40C2F81431F3E700BF001000BAEA
:106A500038B50B46154601464FF03A4468B101225D
:106A60001048C4F8F4201A46FFF700FF25B14FF094
:106A70003A430422C3F8F42038BD73B1D4F8D820C7
:106A80009A4284BF0122C4F8F4204FF03A42C2F87F
:106A9000D4300223C2F8F430E8E70123C4F8F4301C
:106AA000E4E700BFCC0000BA38B5044605F01BFA95
:106AB0004FF03A420121638F054651674BB3B3FA59
:106AC00083F3C3F11903DBB2A069C2F8B410C2F8B2
:106AD0008C300723C2F89000C2F8B0304FF4A023E6
:106AE00002F50052C2F81431A2F58052C2F81831F2
:106AF00000220C4B1A600C4B5B6C5B0209D54FF407
:106B000080020A4B04F1F8005A64D4F8941001F0A2
:106B10003FFA4FF4E0232846E363BDE8384005F030
:106B2000DDB900BF54EB0320000002B8002002B81A
:106B30002DE9F84305460C46B1B1D0F81880478FCF
:106B400005F0D1F9B5F83CC0791E01EA0C0323F039
:106B50000702032C0646DFF8F8E042445FD1DEF876
:106B6000004024B905F0BAF90E20BDE8F88324F0FE
:106B70000104DEF8000020F00100A04254D10023FF
:106B8000CEF80030238894426FEA43436FEA5343C0
:106B900023803FD1EB8F08EB07091846083880B2F5
:106BA00002F108044C4528BF4446082804D9B4F82B
:106BB00000E0BEF5804F41D263440F431B1A3B40B7
:106BC0009BB2AB87E887947811884FF03A42C1F3C3
:106BD0000C019165C2F89830C2F8B0004FF48022E1
:106BE000174B04F00704C3F814214FF00042154B73
:106BF000C3F88021FFF7D8FD042C0BD14FF480029D
:106C0000114B05F1F8005B6C104B5A64D5F89410E9
:106C100001F0BEF9304605F061F90020A5E7601EDD
:106C2000012898BF1446A4E7E88F4344E31A48BFFD
:106C3000DB1908389842A5DC304693E72246ADE7D9
:106C4000002000BA00E100E0000002B8002002B815
:106C500054EB0320154B10B51968CA8F8B8F488FE2
:106C600013440138073B8C69034023F007031C449D
:106C700002F108034FF03A429BB2CB87C2F8B03022
:106C80004FF480220A4BC3F814214FF00042094B05
:106C9000C3F88021A07800F00700042803D1064A39
:106CA000D3681B03FCD4054B1C6010BD20E90320F6
:106CB000002000BA00E100E0000002B854EB03201D
:106CC00010B5064C216839B1CB0703D4044B1868C2
:106CD000FFF72EFF0023236010BD00BF54EB0320FD
:106CE00020E903204FF480320C4B0D49C3F81821E2
:106CF0004FF03A43C1F81421D3F8AC10D3F88C20EC
:106D0000012302F0070206329340C1F30C01083B55
:106D1000994201D8FFF748BD704700BF002000BA74
:106D2000001000BA2DE9F04780460C4616468769E8
:106D3000458F05F0D8F8B8F83C2005F1FF3C02EA91
:106D40000C0323F00701032C82463944B8F83E00B7
:106D500019D14A4C24689CB90244073A02EA0C0251
:106D600022F00702BC183B44E31A48BF5B19834278
:106D700010DB504605F0B2F800242046BDE8F0874D
:106D800024F00104EFE7012C02D0022CEBD10838EB
:106D90000C46E8E7002E3FD08C4241D14FF03A42FA
:106DA000D2F858904FF03A41D1F8AC20B8F81270B0
:106DB000C2F30C02934247DA2588B5F5804FD8D24A
:106DC000A378C5F30C0503F007037A1EA5EB0905AC
:106DD0003A43052B337005EA02052DD82DB2E8435E
:106DE00040F241420421C00FFEF730FA7580E3788B
:106DF0003374D8F81C207B1E03EA0903D118B16054
:106E0000A9B213FA85F5AF422FBF0023FF1AB7804E
:106E1000F26024BFB180F360504605F05FF8ACE744
:106E2000A4F10802974284BFED0802EBC502B2F854
:106E30000090C9F30C09B5E7114B5B6D003B18BF1F
:106E40000123A5EBC305C9E74B6D7A1EA3EB09032C
:106E50003A431A400B4915B2002DCB680BDCC3F343
:106E60000363D81E43424341DB003370CB6C728016
:106E70001B0A3374BDE70823F7E700BF54EB032078
:106E8000004000B8000002B8054BA822D3F84C011E
:106E90003121431C0CBF0120C0F38070FEF7D6B92E
:106EA0000080E00F10B50F4B1C78ACB90E4BD3F837
:106EB000F8375B0309D490B10F23441EB4FBF3F4FD
:106EC00010300444E4B2204610BD40F61D023F21BC
:106ED0002046FEF7BBF9F6E70001C4B2F3E7102441
:106EE000F1E700BFB8ED0320000002B838B5294D26
:106EF0000446297819B92022274804F00FFA23788C
:106F0000264A6188137051804FF2F0022449C1F87B
:106F1000C821244A4BBBA1F50051D1F8F81711F450
:106F2000002F4FF0FF011CBF1F48C0F8DC3011706C
:106F30004FF040731A4AC2F834311C4BD3F8F8377B
:106F400013F480230BD14FF47F01C2F8301118499C
:106F5000C1F8303148F2C801164BC3F8F4100723CA
:106F6000C2F8FC330122124B0DE000240E48022B24
:106F7000C0F8DC404FF0FF001070D9D10723042285
:106F8000C1F8FC330A4BC3F8FC23012300202B700B
:106F900038BD00BF4FEC0320E03F00B0B8ED032048
:106FA000002002B8C3ED0320004001B8000002B881
:106FB000001002B8003F00B0034B1A6802609B88C3
:106FC00083800020704700BFB8ED032010B5044651
:106FD00000F0A4FD094BD3F8F80734B900F44020C1
:106FE000B0F5402018BF012010BD022C0ABF80F46C
:106FF00000300020C0F34040F6E700BF000002B8B8
:107000002049D1F8FC37FF2B31D01F48C3F30312BE
:107010000270D1F8F81703F00F0309035BBFC2EB4E
:1070200002120F3B02F1FF32D2184ABF03EB0213E8
:10703000D3B2DBB2154A164913700978154B1A689A
:10704000E9B1B2F1A06F1AD3D3F85012124A134B20
:10705000B1F1FF3F18BF1346114A136041F66A02AF
:10706000104B1B68B3FBF2F30F4A13607047D1F863
:10707000F83713F4002F0CBFB4235A23DAE7074B79
:10708000EAE700BF000002B8C4ED032051EC032082
:10709000C2ED03200080E00F5082E00FE4D9000829
:1070A00058EB032078EB03205CEB032020B102288F
:1070B00004D1034B18787047024BFBE70020704760
:1070C000C4ED032051EC03202DE9F74FD0F8A44084
:1070D0004C22022C38BF02247B49013CCB6CD1F8F6
:1070E000DC507A49C3F38213DA400B680646A342A8
:1070F00090F83071764BDFF800A2DFF80092DFF8ED
:10710000008202F0010216D11878904213D19AF849
:107110000000B8420FD1D6F8A80060B1A8420AD149
:1071200096F82B5099F80000854204D1B8F8040075
:1071300003B0BDE8F08F98F800001A700C60FFF7FC
:10714000B5FF0346002A00F0918004234FF07F41F1
:10715000604AC2F8BC30604BC3F8BC1096F82B30C4
:107160001B06C2F8BC30002040F271225B4B192193
:107170001B68B3FBF2F36343182BB3FBF1F14FEA47
:10718000004400F29380002C00F09B80B4FA84F25B
:10719000C2F12002C2F10F03012B38BF0123D440FA
:1071A000A14201D2013B6408421C03F01F015200BE
:1071B0008A40121BDFF838B19208CBF8B0201A02CF
:1071C00042EA03121343019300EB002300EB032573
:1071D000434B40F6970218682B21003818BF012056
:1071E000FEF734F8FA223E4B02FB04F01B6840F62F
:1071F000FF72B0FBF3F00A2358433A4B00F57A7460
:10720000C3F8D820019AA3F58053C3F8D820364A92
:10721000A3F58053C3F8DC50D2F8F827520308D402
:10722000D3F8DC3003F47F02C3F303531343CBF8EA
:10723000FC30C6F8A8502D4D00F6B8302C6001F097
:107240005FFC4FF47A722A4BC3F8A400C3F8F8002D
:107250002B68B4FBF2F0B3FBF2F3A8F8043096F815
:107260002B308AF8007089F8003061E796F82B001F
:10727000984228BF1846C0B22FB1022F7FF473AFD7
:10728000FFF710FE70E7184BD3F8F8371903F7D45F
:1072900050B10F230138B0FBF3F00130154B1B68E0
:1072A000034413F8010C5FE70120F7E7B1FA81F21C
:1072B0003CB1B4FA84F3D21A002A3FF76BAF0F2324
:1072C0006EE70F2370E700BF004001B898ED032080
:1072D00050EC0320001002B8002002B878EB032025
:1072E0005CEB0320006001B8000002B860EB0320F3
:1072F000003F00B058EB0320C1ED0320C0ED032098
:10730000B8ED032038B5254B05461A78244C0C2AD5
:1073100002D1FF20207038BD104604F017FC014652
:107320001046FFF7C3FEA84228BF2846C0B28842D5
:1073300038BF08462378C0B28342ECD020703ABBF5
:10734000184BD3F8F83713F4002321D14FF2F00192
:10735000154AC2F8C811C8B10F230138C0B2B0FB3A
:10736000F3F3591CC3EB0313C01A431C0D4A1B0152
:10737000D2F8C80143EA01330343C2F8C831D2F856
:10738000C8210A4BC3F8FC202078C4E70121EDE7AF
:10739000074B1868FFF798FEF6E700BFB8ED03202B
:1073A000C3ED0320000002B8002002B8003F00B087
:1073B00020E90320014B1870704700BFC2ED032085
:1073C00010B50446FDF72CFD78B1154B1B786BB951
:1073D00064B1144B1B784BB1134B1B78013B012B51
:1073E00004D84FF40042114B1A6510BD104B1B6DB1
:1073F0001B04FAD404F077FD044601F0FBFF4FF4C0
:1074000000420C4B2046BDE810401A6502220A4B90
:10741000C3F8D4240422054B5A6404F05FBD00BFB6
:1074200052EC032053EC032064EB0320002002B84D
:10743000000002B8001002B800D00350054BD3F88A
:10744000843013F0030F4FF4802314BF024A034A21
:1074500093647047004000B8005000B8006000B866
:10746000F7B50646534C00F059FB01213A20FAF7D4
:107470002BF8514B2578514F1E7085BB2846FFF7DE
:107480009FFF2378013B012B19D8E37B01A88DF8DE
:107490000430237C8DF80530F9F7DEF9C7F8D454B1
:1074A0004FF6FF72464BC3F88420F822A3F58053B1
:1074B000C3F884200022414BC3F8D4240DE04FF6DA
:1074C000FF723F4BC7F8D454C3F88420F822A3F5C9
:1074D0008053C3F88420C7F8D4543A4B5BE00020B3
:1074E000FFF76EFF2378013B012B08D8E37B01A84F
:1074F0008DF80430237C8DF80530F9F7ADF90023C1
:10750000C7F8D434002ECBD062685AB32E4B1B6818
:1075100003EB5203B3FBF2F3013B1B0243F0F8030E
:1075200026782749022E294A1ED0032E4FF6FF75D2
:10753000224826D0012E36D143F00203C1F88450F0
:10754000C2F884300723C0F8D434E37B01A88DF857
:107550000430237C8DF80530F9F74EF90120FFF750
:107560002FFF17E0F823DBE74FF6FF7043F001032E
:10757000C1F88400C2F884300622104BC3F8D4242A
:10758000E3E743F00503C1F88450C2F884300423D4
:10759000C0F8D4340E4B4FF080421A650020FFF73C
:1075A0004DFF03B0F0BDC1F88450C2F88430002311
:1075B000EEE700BF64EB032053EC032000C0035050
:1075C000006000B8002002B878EB0320005000B83B
:1075D000001002B8034B1B6D002BBCBF024BC3F85D
:1075E00088007047000002B8004000B84FF0006308
:1075F00038B1064A1365064B4FF40032C3F88420B5
:107600007047044A1365044BF6E700BF001002B848
:10761000005000B8002002B8006000B82DE9F04723
:1076200000F0D6FA4FF47A762D4BB0FBF6F61860E0
:107630004FF4FA73734307462A48190E1B021818B1
:10764000294A4FF0000341F10001FCF72DFD274BC3
:10765000A0F5807205461A6320B948222B21FDF758
:10766000F5FD01254FF47A724FF0000A6A43534644
:1076700050083102FCF718FD1C4B1D4AB7F57A7F04
:107680009A601C4B4FEA056819601B4B89460446FB
:1076900018604FEA152505D29B222B215046FDF795
:1076A000D5FD01264FF47A73A8FB030103FB0511F6
:1076B0007308C01841F1000100233246FCF7F4FCC6
:1076C0000E4B023419600E4B49F10009A4081860F2
:1076D00044EA8974054B013C9C63BDE8F08700BF18
:1076E00078EB032020A1070040420F0000C001B842
:1076F0000211010088EB032084EB032080EB0320C0
:107700007CEB03200822044BC3F884215A60012239
:10771000024BDA60704700BF00E100E000C001B832
:1077200038B501250A4B02019D504FF48073044681
:10773000084A8340536604F0D6FB074AA5401378F5
:1077400023EA05031370BDE8384004F0C7BB00BF4F
:1077500000E101B800E001B85CEC032038B504F0AA
:10776000CBFB084B084A1D6A92F86D405A6EE4B292
:10777000520744BF1D6A013404F0B9FB284604F0E7
:10778000030138BD00C001B8003E00B0064B1B68C5
:10779000434303EB8171054B1B68A3FB003013F1DE
:1077A000004341EB0000704780EB03207CEB03209B
:1077B0000C4A20F04043014610B5002014684FF0F9
:1077C0000042E4FB0320084A890F126802FB030011
:1077D000064B9B6B984204D901330131C01A01F06A
:1077E000030110BD84EB032088EB032000C001B827
:1077F000044B01F0F071103041F003010001195009
:10780000704700BF00C001B808B52220FFF7E2FEB4
:107810004FF48022014BDA6008BD00BF00C001B800
:1078200040B1836833B10649C268096803F1304347
:10783000032A00D8704743F8041B043AF8E700BF56
:10784000BCEB032070B51646054600B3F9B1F2B1A2
:107850004268104B006803321B68920800F1304008
:107860009847044688B9EA68A86803323146920806
:1078700000F1304004F084F9044630B9D5E904023F
:10788000214600F1304003F049FD204670BD21241F
:10789000FBE700BF9CED032070B50C68651C15D09C
:1078A000C4F302669E42C4F3074530D1A4B29442A9
:1078B0002DD804EB8506B24229D2141BA50824F06A
:1078C00003040E59340F04D0012C08D000222124C7
:1078D00002E06B1C51F82320C0E9002470BD0E4C5F
:1078E00034F8133042EA03431A686B1C51F8234002
:1078F00001EB83014B6822405E4036F0704404D1B6
:107900001B0F032B04BF8B681A430024E4E70135E7
:1079100001EB8501C1E700BFF8D9000807B501A850
:10792000FAF750FF254B2649D3F86022D2B2FF2A3E
:107930001DBFD1F87801130243EA0213D1F8783160
:107940001CBF20F47F621343C1F8F8331C4BD3F8FB
:10795000F837190354BF09200C20FAF731FBC8226D
:10796000184B42F201015A654FF4C02203F510434F
:10797000C3F868214FF48032C3F86C21124AC2F870
:10798000701202F52042D2F8F827120308D44FF4FF
:1079900070610E4AC2F8A0104FF42062C3F8A02014
:1079A00001220B4BC3F8002403F53043D3F86821C0
:1079B000084B1A6003B05DF804FB00BF0080E00FC5
:1079C000000002B8008001B8006001B8002002B8D1
:1079D000005001B84CEB0320134B1B78002B20D038
:1079E000124B134A00201A60124B134A1A60134BB1
:1079F000134A1A60134B1A68134B1A60134B144A3C
:107A00001A60144B144A1A60144B154A1A60154B2D
:107A1000154A1A60154B164A1A60164B164A1A6018
:107A200070470220704700BF5DEC0320C8EB0320C5
:107A3000DCE20008C0EB032044DA0008C4EB0320BA
:107A400064DA0008B0ED0320BCEB0320E0EB032078
:107A50002CDA0008D8EB0320E4DD0008DCEB03207F
:107A600060DA0008D4EB032014DA0008CCEB032022
:107A700068DA0008D0EB03205CDA0008002201215C
:107A800038B51E4B5A649A64DA641D4A516102216A
:107A90009162DA68C2F303620D2A01D0002AF8D19C
:107AA00011220124174DDA634FF0FF302C7002F0E1
:107AB00027FE00232B70144D4FF4E86228685421F0
:107AC000C01A18BF0120FDF7C1FB104B28681A68C7
:107AD0000F4B1968FFF7B6FE01F008F90D4B186857
:107AE000FFF79EFE0C4B1868FFF79AFE4FF080627E
:107AF000034B5A6103F580535C6138BD000002B846
:107B0000001002B85DEC0320C0EB0320C4EB03209F
:107B1000C8EB0320E0EB0320D4EB032001230D4A44
:107B20000D49C2F8803291660C4A53600C4A53608A
:107B30000C4A5360A2F580425360A2F54042536064
:107B400002F5C032536002F580425360A2F5004254
:107B50005360704700900050FF0B001600D000B833
:107B6000001000BA005001B838B50324FFF7D6FF63
:107B7000114A124B124D1A65FFF7D0FE114BC3F894
:107B8000104101232B6500F047FF4FF460736B61D8
:107B90004FF400732B65FEF7FFFD0021FEF7E6FDB5
:107BA0004022094B1C64A3F580535C64074BC3F867
:107BB00084215A6038BD00BF0048F000000002B8C0
:107BC000001002B8005001B800A0095000E100E028
:107BD00008B504F065F8044B1B6FC3F30043013391
:107BE000B0FBF3F008BD00BF008000502DE9F04F5E
:107BF000044687B00290894659F8043B5A1C06D1C6
:107C00002360029BE01A801007B0BDE8F08F374870
:107C1000C3F301615FEA137B30F8110008BFC3F3BF
:107C200007429BB218BF012243EA004003F0B1FFB4
:107C30004FEAC20A05460AF104032D482344834251
:107C40001BD807230127C846CB4003F0010301934B
:107C50009300049307FA0BF705EB8203039307F0F5
:107C6000940304F108060593039B08F10408AB4252
:107C700008D1049954444944BDE71E4B9C42E0D8C6
:107C80000020C1E7059B53B917F0420F19D117F037
:107C9000280F0BD146F8085C58F8042C21E04FF46B
:107CA000206232210020FDF7D1FAF3E740F60422EA
:107CB00032210198FDF7CAFA05F5805246F8082CE2
:107CC000EAE740F60D2232210198FDF7BFFA05F5EB
:107CD0000052BBF1010F46F8082CDDD158F8042CF6
:107CE000D24346F8042C04350836BDE7F0D9000825
:107CF000DF4F00B0E04F00B0F8B50646E0B1002419
:107D0000144B25461F46144953F8042BAAB91348AF
:107D1000314600EB8500FFF769FF30B940F6AE321F
:107D20003621BDE8F840FDF791BA0D4B0135281812
:107D300047F8246023F81400F8BDB242FCD00134A7
:107D40000C2C02D031F81450DEE740F6C832362150
:107D50000020E6E78CEB03201AEC0320404000B043
:107D60001CEC032070B5044698B1B1B13A4A52F800
:107D7000043B834213D10023384A116CC907FCD459
:107D8000374800EB830003F004FF364B10600122FC
:107D90001A6470BD01330C2B02D1334D2CE001234A
:107DA00052F8041BA142F5D1304A32F81330E3E710
:107DB000C2F3016335F81300110C93B211F0FE0FFA
:107DC00043EA0043606820D00434CAB2022A216822
:107DD00008D9D4E90160033AC3E9001698600C346D
:107DE0000C33F3E704D16268C3E90012083403E0FE
:107DF000012A01D1043419602268531CD8D1002211
:107E0000164B1A6003F58053C1E7120F072AEDD80D
:107E1000DFE802F00704090D1013181DC04303F535
:107E200000531860E2E71A6842401A60DEE703F583
:107E30008053F6E703F099FED8E7012203F580535B
:107E40008240F2E7012203F500538240EDE71A6811
:107E500030EA0202FBD1C9E78CEB032000C002B874
:107E6000404000B000D002B8F8D900081AEC032056
:107E70000122014B1A657047001002B80122014B24
:107E80001A657047002002B84022014B1A657047FE
:107E9000002002B84022014B1A657047001002B85A
:107EA000064BDB68C3F30363984206D1044A936E22
:107EB00023F0F00343EA011191667047000002B815
:107EC000003F00B02DE9F743064603F047FE0024CB
:107ED0008046DFF8909004F006F80DF107010546A2
:107EE0000DF10600FEF76EFA9DF806308BB9721C94
:107EF00029D003F033FEA0EB0804284603F0EEFF80
:107F00009DF8063013B99DF807303BB3A642E2D87E
:107F100024E0D9F80C3013F4603FE8D0D9F8180009
:107F200003F08AFE731C074603D003F017FEA0EB94
:107F30000804284603F0D2FF17F5007FE0D038464A
:107F400003B0BDE8F083284603F0C8FF9DF8063073
:107F5000002BC0D19DF80730002BBCD1004FEEE7BD
:107F600000FEFFFF00C000B80122024B98611A61B9
:107F7000704700BF000001B8044BD3F8B03010B117
:107F8000C3F30332027003F00F007047000002B821
:107F9000064B01F080015B6C03F480030B4302BFCE
:107FA0004FF40012024BDA64704700BF000002B8C1
:107FB000006001B830B1012806D1064B03F58053AB
:107FC000D9607047044BF9E700224FF48053DA6020
:107FD000FFDE00BF004003B8000003B8044B986EFA
:107FE00000F0B05000F16A4358425841704700BF5A
:107FF000008000504FF0B0522DE9F04FB74B0026F3
:108000009A660368B64A1C785D68072C94BF002105
:1080100001211170B34AB44914700269002A08BFE3
:108020008022072C0A605A8800F21481AF490E6141
:1080300002260E61AE4E7562002A40F01E814FF09E
:10804000010CAC4DAC4E9200AE620CFA04FC8A629C
:108050001D6AD3E906273A4393F824702A4342EA7B
:10806000C72293F82970197D42EA476293F8267077
:108070004CEA012C42EA875293F82770072C42EA17
:10808000C75293F828701E6942EA076242EA0C025E
:1080900022F000424FF0FF37D3F80CE022F4002228
:1080A00000F2EF80DFF848C2CCF870208F4A0CF560
:1080B000005CCCF87470C2F874E0CCF87870966705
:1080C000002D40F030814FF6FF769D68CCF87C6043
:1080D000ADB2D567D3E90627B2F5803F40F07E8187
:1080E0004268072CD2F80C80D2F80490D2F814E041
:1080F000D2F81CC049EA080545EA0E05DF69D2F846
:1081000024A04FF0070392F800B045EA0C0500F2F6
:108110001281784EB7F5802F3364744BC3F840B0AA
:108120004FF0080BC3F840B04FF0FF3BC6F84CB01F
:10813000C3F84C90C6F850B0C3F85080C6F854B09D
:10814000C3F854E0C6F858B0C3F858C0C6F848B0F1
:108150009D64C3F840A040F0498155780723654EDF
:108160004FF0FF377364614B5D6408255D64D2F89E
:1081700008803766C3F86080156977665D66D2F857
:1081800018E0B766C3F868E0D2F820C045EA0805F1
:1081900045EA0E0545EA0C05F766C3F86CC0F765BD
:1081A000DD65926A5A648268D2E900532B4343EA40
:1081B00081014F4B01F01F014FF6FF75C3F880108E
:1081C000926803F5005192B203F58053C1F88450D0
:1081D000C168C3F88420444B072C1A68D1E90035E4
:1081E00043EA05038D684FF0FF3443EA050303F0CB
:1081F0001F03CD6800F209813D49C1F888303B4B2F
:1082000001F50051C1F88C40C3F88C508A61DA61E5
:1082100046230122394903F0070302FA03F3C1F8A8
:1082200088318B60364B416919602E4B1B78082BC7
:1082300004BF344B5A602A4B1B78002B00F0F380AC
:10824000012B40F0F280304B012203F580535A603D
:10825000BDE8F08F2D490E6102260E612A4E75622F
:108260006AB94FF0010C2A4D234E92000CFA04FC1F
:10827000AE624FEA2C2C8A62EAE6013ADFE6013A66
:10828000EFE7DFF884C0CCF87020204A0CF5005CE2
:10829000CCF87470C2F874E0CCF87870966735B991
:1082A0004FF6FF769D68CCF87C60ADB2D567082CA0
:1082B0000DD0A4F10B02012A35D893F825504FF4C4
:1082C0000042002D35D0134DC5F870222BE0DE6A38
:1082D0000C4A114D16BB0126AE6020E00090005004
:1082E0005FEC03205EEC0320E8EB0320001003B8F2
:1082F000000003B8002003B8FCFF070000E100E025
:10830000E4EB0320009003B8004003B8005003B82A
:10831000006003B8005001B800A003B896600627BB
:108320001E6BAF6096601A6AB2F5801F7FF4D2AE02
:10833000D6E6404DC8E7404EB7F5802F33643F4B3B
:10834000C3F840B04FF0080BC3F840B04FF0FF3B0C
:10835000C6F84CB0C3F84C90C6F850B0C3F8508083
:10836000C6F854B0C3F854E0C6F858B0C3F858C0C3
:10837000C6F848B09D64C3F840A037D155780723AC
:108380002D4E4FF0FF3773642C4B5D6408255D6400
:10839000D2F808803766C3F86080156977665D6635
:1083A000D2F818E0B766C3F868E0D2F820C045EA12
:1083B000080545EA0E0545EA0C05F766C3F86CC0EA
:1083C000F765DD65926A5A648268D2E900352B430D
:1083D00043EA81011A4B01F01F01EDE6B7F5802F4A
:1083E00004D14268072C5578C9D8B7E68268B7F53A
:1083F000C02FD2E9005343EA05034FEA8105F0D0CC
:10840000072C45EA0301E5D8D3E60D49C1F88830C9
:108410000A4B01F50051C1F88C40C3F88C508A61B9
:10842000DA614723F5E6074B0EE700224FF480534D
:108430005A60FFDE006001B8006003B8005003B866
:10844000004003B8000003B8024B02211878FFF780
:10845000B1BD00BF5FEC0320084B1B783BB1012B83
:1084600007D1074B042203F58053DA607047054BB0
:10847000F8E700224FF48053DA60FFDE5FEC032060
:10848000004003B8000003B80F4B1B788BB1012BE1
:1084900011D10E4A012102F580528B4291600FD812
:1084A0000A4A0B49002B08BF0A4693689B07FCD475
:1084B0007047074AEEE700224FF480539A60FFDED0
:1084C00000239B68FBE700BF5FEC0320004003B87C
:1084D000000003B838B50B4B0B4C002818BF1C46E6
:1084E000A569E3691D4007D0084B1B682BB12846DE
:1084F000984704F50054A56138BD6B05F9D5FFF721
:10850000C3FFF6E7004003B8000003B8E4EB032024
:1085100008B50246FFF762FDC0B11649BAB9164B5D
:10852000DA610B78082B02BF0121144B5960124B02
:10853000012103F500538A42596017D8104B0E49A8
:10854000002A08BF0B465A689207FCD408BD012ACE
:108550004FF0000301D0DB61FFDE0948C3610B78F7
:10856000082B04BF054B5A60054BE1E700235B680D
:10857000F2E700BF5EEC0320000003B800A003B8E0
:10858000004003B8014B1878FFF7C2BF5FEC03202F
:108590004FF604014FF60502044B01201B6C9BB201
:1085A0008B4208BF1346024A136670470080E00FF3
:1085B00000C001B8034B1A6E596E03F500530A4010
:1085C0001A66704700800A504FF00052014B1A6043
:1085D000704700BF00E100E04FF00052034BC3F8CA
:1085E0008020BFF34F8FBFF36F8F704700E100E033
:1085F000F8B50B46002213F8044B944225D91D68A8
:10860000854224D106245A791D79124B88181E6898
:1086100004FB0503104F33F8063C7B43B3420ED9ED
:1086200000238A5A7A43964202D804FB0300F8BD1D
:108630009D42FAD9013304FB03F2825AF2E740F279
:1086400044423D210020FCF701FE0020EFE7083303
:108650000132D2E7ECEB032040420F002DE9F04F4E
:108660004FF0000EA2FB016BDFF8F4C2DFF8F482DA
:1086700016EB0C0C1F466BF10003E0457EEB030389
:1086800083B009D240F23E220E217046FCF7DEFD97
:10869000022003B0BDE8F08FD7F814A00C461546B1
:1086A0008146BAF1000F04D0DAF80030032B00F253
:1086B0009A809E4B9E4A9B6BD2F8FCA0C3F3140891
:1086C0009C4B1B6F5A074EBF4FF440039B0503F0B2
:1086D000E07348EA0308984BD3F8EC305B0048BFDE
:1086E00048F0807848EA456803F014FB012D024603
:1086F000CED10028CCD0914B984200F0858003F574
:10870000122303F5F863984200F090808C4B984256
:1087100000F0EB80002501902B4600204FF0007107
:10872000FBF7C2FC2B46019A013006FB03F300FB6A
:108730000B33A6FB00600344C8F31300A0FB022127
:10874000203300FB05119B093B607E4BD20C1C6063
:1087500042EA41317C4B18F4801F08BF494219603E
:108760007A4B0C441C60BAF1000F5BD000237B6095
:10877000BB60DAF81C5018F0807F18BF6408002D29
:1087800046D099F82720093A012A41D9694ED6F8EE
:108790003C21D0027FD4DAF80000002C00F0A98040
:1087A000B4FA84F1072900F3A480C1F1080325FA83
:1087B00003F304FA01F10133B1FBF3F14B004FEA8B
:1087C000442C0133E40D01E002330131A5FB0362C7
:1087D000B44574EB0202F7D2C1F30E031B0343F05E
:1087E0000063BB6016E0042BDAF828807FF47CAFCE
:1087F00018F0807F14BF4FF4400308F0E07328F0B6
:10880000E07848EA03086FE7002351481D468CE7EB
:10881000DAF8000000230628FB603B6102D9DAF891
:1088200030303BB9002003B0BDE8F08F0023494849
:108830001D467AE703F06EFADAF83010FFF7D8FE3B
:10884000044610B18378002B56D103F023FADAF8EE
:108850003010FFF7CDFE04460028E3D08378002BCC
:10886000E0D040794FF4AE62003818BF01203D21BE
:10887000FCF7ECFC207940F2715200384FF03D01DA
:1088800018BF0120FCF7E2FC237962791B0243EA5E
:1088900002133B61C6E781EAE172A2EBE1722E4965
:1088A000C8F3815811F808C019464FEA8C6C60086B
:1088B000CCFB02012246FBF7F7FB0346DAF8000087
:1088C0000E280ED9194A916BB26CD6F83C61D206CB
:1088D00007D501F4801106F40016314308BFC3F533
:1088E0008013C3F313037B6057E700231B481D4627
:1088F0001BE72B4621025FE7407940F255520038D2
:1089000018BF01203D21FCF7A1FC207940F256520E
:10891000003818BF01203D21FCF798FC23796279CB
:108920001B0243EA0213FB608FE700BF008001B81F
:10893000004F00B0004001B8000002B800F049024A
:10894000005A6202F4EB0320F0EB0320ECEB03206F
:108950000A3BB2DF313641DC00DA0008D694BFD6DC
:10896000006CCA88807C814A10B5044686B059B92B
:10897000214B4168D3F8FC30827A20480593006887
:108980006B46FFF76BFE69461D4B0A685A631A4B2C
:10899000D3F8FC3033B34B6843B11A4B1A4AC3F8CF
:1089A0003C214A68A3F58053C3F83C218B6843B14E
:1089B000144B164AC3F81C218A68A3F58053C3F8E8
:1089C0001C21134AC868D2F8983123F4EE6303439C
:1089D000C2F89831D2F89031096923F4EE630B4361
:1089E000C2F89031002022890A4B9A6203F5A03325
:1089F000186406B010BD00BF004F00B020E903208E
:108A0000008001B8006001B8FFFF0F0000F0FF0F09
:108A1000000002B8004000B8074BD3F88022D2070C
:108A200007D55B6E002B4FF48043B4BF034A044A62
:108A300013650020704700BF00800050002002B87E
:108A4000001002B810B590B10468012C0FD902696A
:108A50006AB11168094B102C19605168596091680E
:108A600088BFD268996094BFD960DA6010BD1022C7
:108A70000021024802F052FCF8E700BFFCEB0320A3
:108A80001B4B2DE9F0410D4616461C6858B34FF4B8
:108A90007A7343438A68A3F6AC539B1A4A689B1ABD
:108AA000144AD8171168144FA1FB033201FB0022AE
:108AB00013F1807342F100025B0E43EAC213803B64
:108AC00033620E4BD3F8C43073623B6873B12046F7
:108AD00002F0E9FF50B1324629463B68D4F8D8008D
:108AE000BDE8F04118474AF6C873D9E7BDE8F08100
:108AF00020E903200CEC0320F8EB0320003F00B03A
:108B0000084BC1171A68A2FB000302FB013310F1E6
:108B1000807043F10003400E40EAC310803820EA21
:108B2000E07070470CEC03200722194B70B51A64F3
:108B3000184B194A1D68194BEC08E005C0184FEA9C
:108B4000153141F100010023FBF7AEFA144B154E2D
:108B500018601548FFF7D4FF4042C6F8DC0049F61C
:108B60005800FFF7CDFFC6F8A8001048FEF720FE1A
:108B7000024660B1E301500818184FEA15714FF032
:108B8000000341F10001FBF78FFAC6F8B40070BD95
:108B9000000002B878EB032065CD1D00B2E60E00A0
:108BA0000CEC0320003F00B07011010040420F00A8
:108BB00048B14FF47A72054BDB6802FB0030A0F538
:108BC000FA50FFF79DBF47F23050FAE7FCEB032065
:108BD00010B5044698B10B4BD3F8FC00FFF732FFF9
:108BE0004FF47A7303FB04F0074BA0F6AC50DA683D
:108BF0009B681044C01ABDE81040FFF781BF4AF6D9
:108C0000C870F8E7004F00B0FCEB0320F8B504464D
:108C1000084615461E46FFF715FF9CB106F00207F1
:108C200016F004060FD16FB14FF47A7063685843A1
:108C3000002B4BD1FFF764FF28636069FFF7B8FF93
:108C4000E8623EBBF8BD2069002839D04FF47A7342
:108C50005843254BA0F6AC509B68C01AFFF750FF55
:108C6000A862A08B78B34FF47A7358431E4BA0F6DA
:108C7000AC509B68C01AFFF743FFE8612A461A49C7
:108C8000E068FFF7FDFE0021A069FFF7A1FF686320
:108C9000002FC9D1A06800BB47F23050FFF730FF6A
:108CA00068614FF47A70236858432BB10E4B1B68F0
:108CB00003F51C5310331844FFF722FFA861C1E7E6
:108CC0004AF6C870CAE74AF6C870D4E7064B1B6874
:108CD00003F51C5310331844ACE74FF47A73584330
:108CE000A0F5FA50DAE700BFFCEB032070B588B0BE
:108CF0006D46194C0FCC0FC594E80F0085E80F00A6
:108D0000FC220021154802F009FBAC220021144886
:108D100002F004FB20220021124802F0FFFA02F0C8
:108D2000A7FF114B1B783BB16D460B4E0FCD0FC605
:108D300095E80F0084E80F000C4A0D4B106851684D
:108D400003C390680B4A18600B4BD3F87831C3F318
:108D50008243536608B070BDE03F00B0583E00B09B
:108D6000543F00B0E04F00B04FEC032006DA00089B
:108D7000B03E00B0003F00B0000002B808B503F0FC
:108D8000B2F80E4B1A78A2B90D4A126812F4843F59
:108D90000FD10C4A102111651B7863B9084B1B6871
:108DA000DB0508D4074B20221A65BDE8084003F014
:108DB00095B8054AEEE7044BF5E700BF65EC0320E4
:108DC000400A0020002002B8001002B80A4B1978AF
:108DD00001F0FF0229B10021197008499202C1F87F
:108DE0000821597801F0FF0229B10021597093023E
:108DF000024AC2F80C31704760EC0320005000B802
:108E0000064BD3F8F00E064B9B6C1A0103D4054BAE
:108E10009B6E1B0401D500F580707047003000B0D8
:108E2000000002B8004000B810B503F05CF80E2155
:108E300004460320FFF734F840F20122034B20469A
:108E4000BDE81040DA6203F049B800BF004000B846
:108E5000064B00201B6893F82430DB0902BF032275
:108E6000034BC3F85022FCF75DBB00BF20E9032091
:108E7000006001B838B503F036F84FF08043244C59
:108E80000546C4F88030BFF34F8FBFF36F8F4FF0AC
:108E90000043C4F88030BFF34F8FBFF36F8F0123BF
:108EA000C4F88430BFF34F8FBFF36F8F0223C4F831
:108EB0008430BFF34F8FBFF36F8F0423C4F8843027
:108EC000BFF34F8FBFF36F8FFFF786FB0823C4F804
:108ED0008430BFF34F8FBFF36F8F1023C4F88430FB
:108EE000BFF34F8FBFF36F8F2023C4F88430BFF3DD
:108EF0004F8FBFF36F8F8023C4F88430BFF34F8F41
:108F0000BFF36F8F2846BDE8384002F0E7BF00BFCF
:108F100000E100E038B502F0E6FF05464FF080437F
:108F20000B4C23604FF00043236002236360042353
:108F30006360FFF749FB082363601023636020230D
:108F40006360802363602846BDE8384002F0C6BFF6
:108F500000E100E0012370B5074C2370074B1E6849
:108F6000074B3240D3E9005319402840FDF772F80F
:108F70000023237070BD00BF63EC032014EC0320BA
:108F8000400A00200022044B1A70044B197811B1DA
:108F90001A70FFF7F3BE704764EC032065EC032002
:108FA0002DE9F047DDF820A003EA0108099B0646F9
:108FB0000D4602EA000703EA0A09BAF1000F40F081
:108FC0004F81031F0B4300F00F81052871F100034F
:108FD00080F0E58050EA010300F07581431E0B43E9
:108FE00000F02581FFF746FFB84AD2E9004323EAA3
:108FF000050324EA06043C4343EA0807B44BC2E9EC
:1090000000471E6826EA0A0646EA09061E60FFF7C0
:10901000B5FE14F02A4F14BF48F202034FF4004388
:10902000AC4AB007D26EAC4848BF43F4005383EA61
:10903000020122EA0302C266A84A0B408166D36697
:10904000C4F380421203210348BF42F48072E30656
:1090500048BF42F40052A24BA50648BF42F400723A
:10906000600648BF42F480622106D96848BF42F4D6
:10907000006282EA010323F080539A4819401A40A3
:10908000C1608360984B17F4007FDA60974B07F458
:10909000007200F0048101224FF4802583F88820BB
:1090A000E30448BF45F48035A00348BF45F480156C
:1090B000A10748BF45F4001514F4001FDFF86882CB
:1090C00006D0D8F8000002F0E3FD08B945F4002509
:1090D000E20248BF45F40035FB06854B48BF45F426
:1090E00080051A6A834985EA020323F001031A40C6
:1090F0000A621D40CB61804B16F0010F1D627F4B51
:109100007F4A18BF1A467F4B7D071B6F48BF42F04E
:1091100000627D4882EA030123EA020303677B4B76
:109120000A4041661A677A4A04F00103D16CA0F53F
:10913000803081EA030221EA0301C16482641A409B
:10914000744B2002DA64D8F8002048BF724B92F8C2
:10915000F62058BF714B610748BF43F4806322B1CA
:1091600014F4C06F18BF43F4807332074FF03A42D3
:10917000BDE8F047D2F8181148BF43F0004383EA36
:10918000010222F4A02266481140C0F818111340D1
:10919000C0F81421634AC2F81831FFF7BBBEA0F52E
:1091A00080630B4306D020F48063A3F500730B4368
:1091B0007FF418AF02F097FE4449D1E9003223EA68
:1091C000060322EA050242EA08023B43C1E90032F3
:1091D000554A126892F8F610514A09B313F4C06F59
:1091E0001ED04FF4807311E002F07DFE374AD2E9C1
:1091F000003123F004033B4341EA080157EA080722
:10920000C2E900314FF48063454A0BD0C2F81431F3
:10921000A2F58052C2F81831BDE8F04702F05EBEF8
:109220004FF48073C2F81831C2F81431F4E702F039
:109230005AFE264AD2E9003123F001033B4341EABA
:109240000801C2E900310123384A57EA08071BBF69
:109250009364A2F58052D364D36408BF9364DBE7C0
:1092600050EA01037FF4BEAEBAF1010F7FF4BAAE4B
:1092700002F039FE164A136823F0010343EA09039A
:1092800013604FF40053204AB9F1000F04D0536625
:10929000A2F580521367BFE713675366BCE793F8E4
:1092A000881071B183F88820214BD3F8A41003F5FE
:1092B0000053C3F8A410C3F8A0104FF05023C3F814
:1092C000A4200025ECE6BDE8F08700BF400A00209E
:1092D00014EC0320004000B8006000B8005000B853
:1092E000004001B8006001B8005001B8003F00B074
:1092F000000002B8002002B8001002B804380003D1
:109300000418000300C001B800E001B800D001B8A3
:1093100000C000B800D000B80D0A0A09090A0A09FD
:10932000002000BA001000BA20E9032000E000B8D5
:1093300000400050024B5868C0F3C000704700BFA7
:10934000400A0020024B186800F00100704700BF7F
:10935000400A0020024B5868C0F3C030704700BF7D
:10936000400A0020034B1B6813F4C06F14BF012098
:1093700000207047400A002010B50446FEF7F4FBB9
:10938000FFF778FD2046FDF737FAFEF777FBFEF78B
:1093900045F9FEF7B7F9FFF7C7FB13490723134A4F
:1093A000D1F8FC1004F1F800FFF730FC4FF08071A9
:1093B0000020FEF71DFA4FF000720D4B4FF4001124
:1093C0000120C3F80021FEF713FAFFF7E1F820B9F6
:1093D00040F292321421FBF739FF02F047FCBDE85E
:1093E00010400120FEF73CB8004F00B0A43F00B091
:1093F00000D001B8F8B5084C084D636C0423084F41
:109400006B64636C5B0300D4F8BD042602207E64A9
:1094100002F0ABFB6E64F4E7000002B8001002B883
:10942000002002B8A82238B51A4B5D6C03F5005332
:109430005A6410229A60A3F5804302F100521A6721
:109440005A66FFF7C3FC144B1B7813B90320FEF7D1
:1094500067F90024114B9C67FFF7CCFF104A114BB2
:10946000D2F8F01E0B40C2F8F03E04220E4B5A64B4
:109470000E4BAA06C3F8C84008D503F580739B6F4E
:10948000B3F5817F22BF8022024B1A61BDE83840CC
:10949000FCF7E0BE000002B862EC032000C001B897
:1094A000003000B0DF0000FF002002B8003E00B036
:1094B00010B551B920B3154BDB681B0E13F00E0F1E
:1094C0001ED1134B1B6CD9071AD4FFF7ADFC0F4C00
:1094D0000020FEF751FD032801D0092805D1A36A19
:1094E000DA07F5D4A36CDB03F2D4FFF783FF012284
:1094F000084B5A6102229A62042203F580535A648F
:109500004FF4C062044B9A6510BD00BF000002B862
:1095100000C002B8001002B8006001B808B503210D
:109520000920FEF7BDFC2022014B1A6108BD00BFD7
:10953000000002B80D4A10B5D2F8A030D2F8A4103D
:109540000B40B3F1804F0CD34FF040400849094C19
:10955000C1F8A400D467C1F8A0004FF48021064AE6
:10956000D161034AC2F8A03010BD00BF00400050D6
:10957000006000500000FF01001002B838B5054639
:1095800002F0B1FC0E4B04461868FDF78DFA35B1B8
:10959000FFF7F8FC2046BDE8384002F09FBC094BBD
:1095A0001B78002BF6D0084B1D78002DF2D1FFF769
:1095B000E9FC2A464FF480400021FFF7CBFCE9E7A5
:1095C00020E9032064EC032063EC03202DE9F84F2D
:1095D000594B06460D4614465B6C002A40F0A980A4
:1095E00013F0A00F14BF4FF001094FF00009FCF772
:1095F00031FEA0234FF0000ADFF858810320C8F89D
:109600004430FEF78DF80420FEF78AF84B4FFFF741
:10961000B9FC4B4B4FF0040B7B67C7F878A0FFF702
:10962000E9FE484B4FF48071D3F8C02E42F020027F
:10963000C3F8C02EFF22C8F808203F4A1161D3F8B2
:10964000F02E41491140C3F8F01EC8F844B0C3F8E9
:10965000C8AE7B6913F0060F04D0FEF7D5F8584664
:10966000FEF75EF8B9F1000F08D04FF40062374BF7
:109670005A644FF40042A3F5E0339A6666B1344B66
:10968000DB6C180701D4FFF7CFFBFFF747FF04207F
:10969000FEF746F8FFF79AFB274B5A69D10746D5E4
:1096A000DA6812F0706FFBD12A4B2B4A5A642B4AAE
:1096B000936E23F0F003936615B12046FFF75EFF2B
:1096C000274BD3F84C315A1C01D05B0002D5012244
:1096D000204B5A615CB31E4BDA6E03F500539A6659
:1096E00003F5D0331B6A1B4A23F00103D3611D4BE2
:1096F000D96803F50053996003F50053D3F884103B
:1097000003F5005399674FF03A43D3F8181103F566
:109710000053C3F81411144BD96C03F5005399642A
:10972000124903F5803359664FF608435364BDE888
:10973000F88F4FF000095AE7000002B800C001B8E6
:1097400000000101003000B0DF0000FF001002B88F
:10975000004000B8002002B810003000003F00B008
:109760000080E00F004001B800C000B85000002F9A
:109770009E4B2DE9F04F9A6EDB6E85B002EA03082E
:109780009B4BC3F868804FF03A43D3F81461D3F889
:1097900018311E40974BC3F81461974B9A68DB68E9
:1097A00002EA030A954BC3F808A003F52043DA69DF
:1097B0001B6A02EA0309924B09F47702DA61914BC2
:1097C000D3F80422110706D4D3F804311A07C3F3DF
:1097D000C00740F1E98002F086FB8B4B5A695F6E4F
:1097E0001B6F12F0060F07EA0307884A27F0007381
:1097F00023F4006314BF4FF0010B4FF0000B5366CE
:109800007B0706D5824A92F86D300133DBB282F8CD
:109810006D3002F063FBB8F1000F00F0E38018F444
:1098200000442BD002F05FFB0146FFF7E9FA044643
:10983000784B1D682A682B689A42FCD02A689A42A5
:10984000FCD0FFF7DDFAA04240F0B080084602F0FD
:1098500045FB714B1C60714B5D6C15F4E05240F0A0
:10986000A78024F07F4424F0DF040CB9FFF7DAFD71
:109870006B4B01201B6898474FF0807418F0020F63
:109880004FF0000514D0654B5D495B6C03F46042FA
:109890004A64002A00F0A0801D0400F1A08013F4A7
:1098A000005F0CBF4FF000534FF0006300251C43D6
:1098B000C8F340384FEA48085A4B3340002B4BD08E
:1098C00016F4206F0AD040F6A31206210020FBF701
:1098D000BDFC0020FFF752FE26F48026F00506D5D9
:1098E000FF22474B44F4C0649A60FFF79DFA16F0DC
:1098F000090F0BD040F6B81208210020FBF7A6FC98
:10990000FFF70CFE4FF03A4301225A6316F0106F36
:109910000CD040F6C11209210020FBF797FCFFF79D
:10992000FDFD002211461046FDF792F816F4202F97
:109930000AD040F6C91207210020FBF787FC00205F
:10994000FFF71CFE26F48026F10301D5FDF7CAF9C6
:10995000002EB8BF48F0080872070ED54FF03A4302
:109960001B6B13F4005F4FF4005317BF214A2E4ABC
:10997000136344F4000408BF1363730548BF44F045
:10998000040416F48023019300F0B780FDF762F918
:10999000013806284AD8DFE810F03B013E013B01C0
:1099A0004101440147014701BB4634E7044641E712
:1099B0000192FFF737FD124B019A5A6415F4805358
:1099C00007D115F4806F0CBF4FF080544FF08064C6
:1099D00054E74FF0804451E74FF0007366E74FF0D3
:1099E000004363E74446454666E700BF004000B8D1
:1099F000006000B8002000BA004001B8006001B863
:109A0000002002B800E100E000C001B800E001B8A9
:109A1000003E00B05CD7000810EC0320000002B844
:109A200094ED0320090B0B89001000BA40F6FA12DE
:109A300003210020FBF70AFC4FF03A420121D2F843
:109A40008C30D2F8AC0003F00703063301FA03F3BD
:109A5000C0F30C001B1A9BB2072B12D97E4B5B6C18
:109A600058020ED47D48D36CD26E406D58B103F0CD
:109A7000070306339940C2F30C03C91A89B20729B8
:109A800001D844F40074764B1B78002B35D04FF08E
:109A90003A43D3F8143113F4A02F2ED1714B724AEC
:109AA0001B7893B9FB0410D4137873B1E3086F49A2
:109AB00043EA457383F00103D1F8F01E03F001037C
:109AC0005B0021FA03F3980717D10420FDF728FE65
:109AD000674B68495967FFF755FA634A137843B9EA
:109AE000654B1B782BB1654B654A1B6823401342BD
:109AF00001D144F4804427F48057BAF1000F27D0F5
:109B00001AF4805F18BF44F480241AF4807F18BFD1
:109B100044F400241AF4005F18BF44F010041AF44F
:109B2000007F18BF44F020041AF4806F18BF44F07F
:109B300040041AF4006F18BF44F080041AF0805FEC
:109B400006D0504B0021186845F48055FCF7CCFB3B
:109B5000B9F1000F3ED019F4802F18BF45F40075FD
:109B600019F4803F05D0484B03201B6844F480540F
:109B7000984719F4801F18BF44F4003419F4001FEB
:109B800018BF44F0020419F4003F18BF44F48014D5
:109B900019F4800F18BF45F0100519F4002F19D0E3
:109BA000324BD3F8C03E13F0C00F13D02A4AD3680B
:109BB000C3F30363032B01D0072B05D1936CD906A4
:109BC00002D4D36C1A0736D54FF400222F4B29F458
:109BD0000029DA61002F00F019813B0540F19080E7
:109BE0002B49DFF88CA0CB782A4A002B58D04FF4B1
:109BF0000060013BDBB25066CB7033B9264B1B785B
:109C0000E3B140F60142254B5A670023002275E07C
:109C100044F4803410E744F400640DE744F48064B5
:109C20000AE744F4807407E7174B02201B6844F0EE
:109C30000804984700E744F40014CBE7DAF87830DA
:109C400013F4A05F15BF4FF4807340F60143CAF8C8
:109C50005830CAF87830D8E7000002B8004000B8A1
:109C600065EC032064EC032067EC0320003000B0B7
:109C700000C001B80000010166EC0320400A00208A
:109C8000088D010020E9032094ED0320002002B894
:109C900054EC032000E001B862EC032000D001B8CE
:109CA0000320FDF73DFDDAF81430AA4813F0060F43
:109CB00004BF41F61F73A84AA84908BF53674FF471
:109CC0000062A54B5A66DAF8143013F0060308BF99
:109CD000CAF87830B0F86A3013F400625CD023F42C
:109CE0000063A0F86A300B7803F0FF0A002B57D10D
:109CF000FDF78AFDFFF796FB534620221C431543D0
:109D0000B80009D52E20FDF765FC4FF00052924BAC
:109D100045F008051A675A66F90606D52B20FDF7A7
:109D200059FC10228C4B1A675A6617F0306F05D118
:109D3000FA045FD5BBF1000F00F0B4803B0111D5F0
:109D40002920FDF747FCFFF7F5FA48B1844B854918
:109D5000814A53660B6701F54051C968480422D413
:109D600045F0040517F0007B28D00420FDF7D8FC4F
:109D70002720FDF72FFCFFF755FB4FF00072764BC5
:109D80005A66794BD3F8F02E520674D40222774BE0
:109D90009A6045F0020528E00B784FF40053ADE7D8
:109DA0004FF4004332E7136720205366FDF712FC9F
:109DB0002D2045F00C05FDF70DFCD3E717F0807F53
:109DC000DFF8ACA142D00420FDF7AAFC2820FDF763
:109DD00001FCDAF87830002B35D1FFF723FB5E4B1E
:109DE0005F4A45F001051A675A66FFF731F800220D
:109DF0005F4B9A65BB0409D55E4A5379002B00F08E
:109E0000A480013B5371002348EA030842462046E0
:109E10002946FFF79FF8019B0BB1FCF751FF4FF06C
:109E20000042554B06F00436C3F81461534B19F445
:109E3000002FC3F880211EBF4FF400224B4BDA6184
:109E400005B0BDE8F08FCAF878B0C8E7F904CED500
:109E50000420FDF765FC4A4BCAF87430FDF7D4FCCA
:109E6000DAF8643013F0407FC1D12A20FDF7B2FB4D
:109E7000FFF7D8FA85E7D3F8C03E9B0689D40222C3
:109E8000404B9A60404B1B6893F82530980780D56B
:109E9000304B93F8DC30002B3FF47BAF80223B4B00
:109EA0001A6176E7334A13794BB1013BDBB2137188
:109EB00013B92C4B364A5A6700231C439AE70420F7
:109EC000FDF72EFC0320FDF72BFC294B2C4A5A678B
:109ED00002F009F882460DF10F00FEF74DF82D4B08
:109EE00083461B780BB1FEF79FFFBBF1030F0ED12A
:109EF000DFF898B00020FEF73FF8032807D1DBF821
:109F00002830D907F6D4DBF84830DA03F2D49DF8CC
:109F10000F30032B06D101221F4B50461A7001F05F
:109F2000DDFFC9E74FF03A43D3F8143113F4A02F03
:109F3000F1D1FFF727F8504601F0D0FF174B03206F
:109F40001B6898474FF48043B7E70520FDF7E8FB0F
:109F5000012359E7003E00B000E001B862EC0320A5
:109F60001000002000D001B8003000B0002002B87E
:109F700000C001B854EC0320002000BA00E100E06A
:109F800000000101001002B820E90320000002B81F
:109F90000000010D68EC032064EC032094ED032025
:109FA0000122024B1A62DA61704700BF002002B83A
:109FB000094A08B5D369116A0B40084923F47F00A8
:109FC000DB07C86106D5D1684FF0FF30C1F30361EC
:109FD00001F057FE08BD00BF000002B8002002B823
:109FE0000C4A08B5936CD26C13400B4A9364DB07A0
:109FF0000FD50A4B40F663421878122100F0010099
:10A00000FBF724F9BDE80840002201200021FEF7FB
:10A01000A1BF08BD00C000B800E000B8400A0020A1
:10A0200070B5154D2C6C6B6C1C40144B24F0020267
:10A030001A64E20705D540F6CA4200202968FBF7FA
:10A0400005F9A30716D502220C4B1A640C4A6B685B
:10A0500014687CB1DBB2042B07D100220121094B2B
:10A0600018682346BDE870401847052B02D100222E
:10A070001146F4E770BD00BF0080095000A00950F0
:10A0800048EB032020E9032038B50B4C0B4DD4F8E6
:10A090008430DB0706D4A36FD4F884201340084A29
:10A0A000936738BDD5F804315A06F0D5FFF7B8FFED
:10A0B0004023C5F88431EAE7008001B800E100E000
:10A0C00000A001B870B514460D4601F00CFF064B18
:10A0D000D3F8C06E74402C407440C3F8C04E01F0F9
:10A0E000FDFE06EA050070BD003000B0034BD3F85A
:10A0F000C03E99430CBF012000207047003000B0E3
:10A10000174BD3F8C02E12F0010312D0154B93F861
:10A110004C30154A43F08073C2F8D0304FF48013AE
:10A1200002F50052C2F8B430A2F58052C2F8B8303D
:10A1300070471106EDD40D4B93F84B1121B1D206A7
:10A1400002D593F84831E4E74FF480120020084B21
:10A150000549C3F8B820C1F8D000C3F8B42070474F
:10A16000003000B0003F00B0004000B8003E00B03A
:10A17000006000B800230360704700E018460368E1
:10A18000002BFBD10B60016070470346006818B1DB
:10A1900002681A60002303607047FEE704E050F88D
:10A1A000042B41F8042B1A46531E002AF7D170479E
:10A1B00000B589B084460E9807900D9806909DF8DA
:10A1C000300005900B9804909DF828000390002023
:10A1D0000290019300920B4662460121F6F794FB30
:10A1E00009B05DF804FB70B505460E46144601F053
:10A1F0007AFE2B685C4034405C402C6001F06EFEBF
:10A2000070BD30B583B005460C46002301934FF076
:10A21000E0231B6913F0040F0CD001F061FD0190E5
:10A220000D2300930DB1019B2B600CB1009B2360AB
:10A2300003B030BD694601A8F6F7E2FEF2E708B5C3
:10A2400001F060FD0021F7F705F908BD10B582B0F7
:10A25000002301930093B0F5807F00F20781B0F5F1
:10A26000807F00F26181DFE810F04C015F015F0147
:10A270005F015F015F015F015F015F015F015F01DE
:10A280005F015F015F015F015F015F015F015F01CE
:10A290005F015F015F015F015F015F015F015F01BE
:10A2A0005F015F015F015F015F014C017C014C01B7
:10A2B0007C01940194019401940194017C019E011C
:10A2C0003D012301A8013D017C017C017C015F016E
:10A2D0005F015F015F015F015F015F015F017C0161
:10A2E0007C017C016801B2017C015F015F015F01BB
:10A2F0005F015F015F015F015F015F015F015F015E
:10A300005F015F0194014C014C014C01AD013D0125
:10A310003D01B7017301560199015F015F015F01C2
:10A320005F015F0113015F015F015F015F015F0179
:10A330005F015F015F015F015F015F015F015F011D
:10A340005F015F015F015F015F015F015F015F010D
:10A350005F015F015F015F015F015F015F015F01FD
:10A360005F015F015F015F015F0178015F015F01D4
:10A370005F015F015F015F015F015F015F015F01DD
:10A380005F015F015F015F015F015F015F015F01CD
:10A390005F015F015F015F015F015F015F015F01BD
:10A3A0005F015F015F015F015F015F015F015F01AD
:10A3B0005F015F015F015F015F015F015F015F019D
:10A3C0005F015F015F015F015F015F015F015F018D
:10A3D0005F015F015F015F015F015F015F015F017D
:10A3E0005F015F015F015F015F015F015F015F016D
:10A3F0005F015F015F015F015F015F015F015F015D
:10A400005F015F015F015F015F015F015F015F014C
:10A410005F015F015F015F015F015F015F015F013C
:10A420005F015F015F015F015F015F015F015F012C
:10A430005F015F015F015F015F015F015F015F011C
:10A440005F015F015F015F015F015F015F015F010C
:10A450005F015F015F015F015F015F015F015F01FC
:10A460005F015F015F015F015F01A301B0F5D06F84
:10A4700000F0A38011D9B0F5106F00F0A3804FD980
:10A48000B0F5406F00F08A805CD9B0F5486F4BD1D1
:10A49000002101A8F6F70CFE46E0B0F5607F6BD016
:10A4A0000BD9B0F5B06F7ED02FD9B0F5C06F3BD1CE
:10A4B000002101A8F6F7A4FD36E0B0F5007F0AD12F
:10A4C00001F0EEFB04464FF40070F6F795FFB4FB85
:10A4D000F0F4019428E011D9B0F5207F41D0B0F517
:10A4E000407F21D101F0FCFB04464FF42070F6F7C9
:10A4F00083FFB4FBF0F46408019415E0B0F5C07F6D
:10A5000012D101F0EDFB01900EE0B0F5806F40D06C
:10A51000B0F5A06F08D1002101A8F6F763FC03E0B5
:10A52000B0F5086F5DD002D9019802B010BDB0F54A
:10A53000E06F4CD0B0F5F06FF6D1002101A8F6F72E
:10A540000BFEF1E7B0F5206F46D0B0F5286FEBD1E8
:10A55000002101A8F6F7DEFDE6E701F0A1FB01907E
:10A56000E2E701F0BDFB04464FF42070F6F744FF2C
:10A57000B4FBF0F40194D7E700216846F6F7C2FC7B
:10A58000009C4FF46070F6F737FFB4FBF0F40194D1
:10A59000CAE7002101A8F6F7FFFCC5E7002101A8E2
:10A5A000F6F7EEFBC0E7002101A8F6F77DFEBBE75A
:10A5B000002101A8FFF725FEB6E7002101A8F6F764
:10A5C000C3FEB1E7002101A8F6F7EAFEACE70021DF
:10A5D00001A8F6F793FEA7E7002101A8F6F736FDDC
:10A5E000A2E7002101A8F6F7B1FC9DE708B5002914
:10A5F00003DD0121F6F72EFF08BD0021F6F72AFF43
:10A60000FAE708B502214FF42070F7F735FA08BDD4
:10A610007047436813F0010F19D0836813F0010FDE
:10A6200003D0036913F0010F09D00A238363436D3C
:10A6300013F0500FFBD1836C13F0030FFBD100F527
:10A64000005301225A60436813F0020FFBD1704798
:10A6500008B5F9B10A4600F580530121596002F0AE
:10A660000F01436DC3F30B03002BFAD18163436DDC
:10A6700013F07803FBD112F0010F00D0012312F088
:10A68000040F01D043F00203826C02F003029A42ED
:10A69000FAD108BDFFF7BDFFFBE7836C13F0400F55
:10A6A000FBD04164704708B500231A46F7F764FDF4
:10A6B00008BD08B500231A46F7F75EFD08BD08B5CA
:10A6C000F7F790FE08BD70B505460E46144601F03A
:10A6D0000AFC2B685C4034405C402C6001F0FEFBBF
:10A6E00070BD0020704708B5002100F0E9FE002091
:10A6F00008BD09B12120704708B5FFF7F4FF08BD78
:10A7000008B501F039F808BD08B500F001F808BD3A
:10A710000020704708B5F8F7C1FA08BD08B540B287
:10A72000F8F7FAFA08BD08B5F8F718FB08BD08B540
:10A73000F8F706FB08BD08B5FFF7F0FF08BD70B5D8
:10A740000C461546034630B15E684EB12A46214696
:10A750001868B04770BDF8F759FB03460028F3D1DD
:10A760002320F7E72DE9F04182B00E4617461C463C
:10A77000054670B18CB195B1D5F80C80B8F1000FD9
:10A780000FD023463A4631462868C04702B0BDE89C
:10A79000F081F8F73BFB0546ECE701ACEBE7232043
:10A7A000F4E72320F2E703280BD8DFE800F0020DDE
:10A7B0000407002070474FF4805070474FF440501A
:10A7C00070474FF4805070474FF400507047D0F8F6
:10A7D000A0301B689A6C12F0800F03D0DB6B0B70FB
:10A7E000002070471B20704738B50446D0F8A030D1
:10A7F0001D68AB6C13F0400FFBD000231A4694F891
:10A80000A91094F8A800F7F7A7FE00231A4694F8B9
:10A81000AB1094F8AA00F7F79FFE94F8B03013F04D
:10A82000010F12D194F8B03013F0020F16D105F5D4
:10A83000005304221A6500212846FFF709FFD4F8C7
:10A84000A40001F06AFB002038BD00231A4694F8EA
:10A85000AD1094F8AC00F7F77FFEE3E700231A464B
:10A8600094F8AF1094F8AE00F7F776FEDFE708B57E
:10A87000D0F8A0301868FFF710FF002008BD70471F
:10A8800000207047FEE74FF400534B6000207047F4
:10A89000012070470020704700B583B00020019070
:10A8A00001ABFFF75FFF019810B103B05DF804FB47
:10A8B0004FF0FF30F9E710B514460020FFF73FFFD7
:10A8C000204610BD80F89510704790F895007047AD
:10A8D00010B582B004460DF10701007D01F094FA35
:10A8E0009DF807303BB1206DA26CE36C13448342AA
:10A8F0000BD002B010BD237D03EB43031B0103F11A
:10A90000A04303F58023D86EEEE71046F1E710B5BB
:10A910000446FFF7DDFF236D834201D2C01A10BD4C
:10A92000A26CE16C0A44D01AF9E738B50446007D00
:10A93000F6F7AAF92046F8F7CBFB0546207DF6F797
:10A94000C3F9284638BDF8B50446FFF7EEFF00B15D
:10A95000F8BD01F0D1FA0646207DF6F795F92046BC
:10A96000FFF7B6FF451EA36CAB4202D9E56C013D73
:10A970001D4494F85470207DF6F7A6F9CFB92B4604
:10A98000D4F898209A4212D01A78112A09D0132AA2
:10A9900007D0013BA26C9A42F2D9E36C013B13440D
:10A9A000EEE7112A14BF0022012284F89C20C4F88B
:10A9B0009850304601F09BFACAE72DE9F843044667
:10A9C0000F46154690F8959000264FF0010802E0DA
:10A9D00094F89C304BB9AE421FD294F89630002BBD
:10A9E000F6D02046FFF7AFFFF2E7B9F1000F02D033
:10A9F0003B780A2B09D0236E5B683978204698474C
:10AA0000804650B901370136E5E7236E5B680D21BA
:10AA10002046984780460028EDD04046BDE8F883A0
:10AA200008B590F894301BB9FFF7C7FF002008BDA8
:10AA30000E20FCE790F89430DBB170B504460D466B
:10AA40000B69B3F5006F16D801F056FA06466C6133
:10AA500094F88C304BB1294604F19000FFF78DFB40
:10AA6000304601F044FA002070BD2846F8F752FB4A
:10AA7000F6E70E2070472120F6E730B583B0144684
:10AA800092F8543033B1936D0BB1D06D98470023D9
:10AA900084F8543094F8963023B9002084F8540098
:10AAA00003B030BD2046F8F7EBFA0028F5D0236E4E
:10AAB0005B68132120469847002507E0112B14BF3F
:10AAC0000023012384F89C300135EDB20F2D0DD801
:10AAD000236E1B680DF107012046984730B99DF899
:10AAE0000730112BEAD0132BEED1E7E72046F8F719
:10AAF00045FBD2E72DE9F04F83B090464AB10446BA
:10AB00000D46002966D0FFF710FF814628B14FF0AF
:10AB10000008404603B0BDE8F08F2046FFF7F7FE7F
:10AB20004746804528BF074694F896A0BAF1000F23
:10AB300048D001F0E1F90190266D2046F8F7A0FA1F
:10AB40008346B846002211E00133C4F89830D1465C
:10AB500012E008F1FF38B9F1000F05D0112B14BF36
:10AB60000023012384F89C3001320136BA420BD213
:10AB7000D4F89830B342E7D03378112BE9D0132BB7
:10AB8000E7D005F8013BEFE7D4F89810A26CE36C2E
:10AB90001344994213D0019801F0A9F9394620468F
:10ABA000F8F79EFB94F89630002BB2D0BBF1000F63
:10ABB000AFD0236E5B68112120469847A9E7C4F8FF
:10ABC0009820E8E73A46216D284600F039FBB84660
:10ABD000D346E3E74FF000089BE72DE9F0418046BC
:10ABE0000F4616461D4600232B602968721A394409
:10ABF0004046FFF77FFF034620B12C681C442C60C1
:10AC0000B442F2D32B6813B10020BDE8F0811B20C1
:10AC1000FBE710B514465069002380F88C30903063
:10AC2000FFF7B3FA08B1F8F775FA63681BB1A268C9
:10AC3000002120469847002010BD50B138B5056866
:10AC400001F05AF90024AC65EC6501F050F920469A
:10AC500038BD2220704738B5056895F894303BBB65
:10AC60000446FFF7EAFFF8F7D1F884421CD02B6EB8
:10AC700093F91000F8F794F82B6E93F91000FFF792
:10AC800052FD287D01F0A0F8287DF5F775FFF5F756
:10AC90004DFF002323606360E3606361A3612B6E5B
:10ACA000DB682846984738BD0020F8F7A3F8DEE7B0
:10ACB0000F20F8E701F00303DB004FF0FF0C0CFA64
:10ACC00003FC07290ED810B54FEA910E0EF10C01C6
:10ACD00050F821409A40624002EA0C02624040F87B
:10ACE000212010BD704708B5F8F764FC08B5FFF7E0
:10ACF000FAFF08BD7047704708B500F04DF800F046
:10AD000050F800F065F800F050F800F054F808BD75
:10AD100008B5F8F7CDFCFFF7EDFFF8F74FF8F7F7B8
:10AD2000CFFFFFF7F7FCF7F7E3FFF8F769FCFFF752
:10AD3000E2FF00F006F800F033F8FFF7DDFF08BD92
:10AD4000704708B500F024F800F023F800F022F86E
:10AD500000F021F8FFF7F4FF08BD08B500F02CF86B
:10AD600000F02BF800F02AF800F029F808BD08B52B
:10AD7000F8F7CAFC08BD10B50020F8F707FE044636
:10AD80000022114600F03BFB2046F5F709FA10BD02
:10AD9000704770477047704708B5FFF7B5FC08BDAE
:10ADA000704708B5F5F70AFD08BD08B5F7F73EFE90
:10ADB00000F031F808BD7047704770477047704722
:10ADC00008B500F00BF808BD08B5F8F7B3FC08BDEE
:10ADD00008B5FFF7F5FFFFF7F7FF08BD08B5F8F76F
:10ADE000D1FC08BDFEE708B5FFF7FCFF08BD7047C2
:10ADF00008B5FFF7FCFF08BD704738B504460D469F
:10AE0000F7F71EFE29462046FFF7F6FF38BD08B5C6
:10AE100001F0A2F808BD08B5F8F734FD08BD08B583
:10AE2000FFF776FFFFF7A3FFFFF797FFFFF7A3FFFB
:10AE3000FAE708B586464A08B1F5817F00D380223B
:10AE40004FF0000C604661460AE03EF91C3003FBFF
:10AE500003F3181841F100010CF1010C1FFA8CFCEE
:10AE60006245F2D81AB10023F9F71EF908BD002097
:10AE7000FCE79368013B002B936010B408DA9469F7
:10AE8000A34201DB0A2903D15DF8044B00F01AB894
:10AE90001368581C1060084619705DF8044B704721
:10AEA000F8B506460F461446D518AC4201D100202D
:10AEB00007E03A4614F8011B3046FFF7DAFF431C5F
:10AEC000F3D1F8BDF8B50E461446054618B1036A2D
:10AED0000BB9F9F7EFFDA369A360A3891A0701D5A0
:10AEE000236943B921462846F9F7CEFB18B14FF044
:10AEF000FF373846F8BD2368F6B222693746981AFC
:10AF00006369834205DC2146284600F063F9002886
:10AF1000EDD1A368013BA36023685A1C22601E7018
:10AF2000431C62699A4204D0A389DB07E1D50A2E4B
:10AF3000DFD12146284600F04DF90028D9D0D6E7C8
:10AF40002DE9F047164698468A6807460B690C4675
:10AF5000DDF820909342B8BF1346336091F8432048
:10AF60000AB1013333602368990642BF3368023364
:10AF70003360256815F0060506D104F1190AE36867
:10AF800032689B1AAB422BDC94F843302268003BBA
:10AF900018BF0123920630D404F1430241463846DB
:10AFA000C847013023D023681A3454F80A2C03F020
:10AFB0000603042B0ABF54F80E5C002533684FF0DB
:10AFC000000608BFED1A54F8123C08BF25EAE575E3
:10AFD0009342C4BF9B1AED18B5421AD1002008E075
:10AFE0000123524641463846C847013003D14FF04D
:10AFF000FF30BDE8F0870135C1E7E1185A1C302069
:10B000000233224481F8430094F8451082F843103B
:10B01000C2E70123224641463846C8470130E6D000
:10B020000136D9E7036A70B505460E4684680BB948
:10B03000F9F740FD636EDB0705D4A389980502D4B8
:10B04000A06D00F074F9A389190702D52369002BBC
:10B0500035D121462846F9F717FB80B34FF0FF356D
:10B06000636EDA0705D4A3899B0502D4A06D00F0B6
:10B070005FF9284670BD002B15DB23685A1C22603F
:10B080001970A36816F8011F013BA3600029F2D1D3
:10B09000002B16DA22460A212846FFF713FF01305B
:10B0A000DCD00A25DCE7A2699A4201DC0A29E4D156
:10B0B00022462846FFF706FF0130E2D1CEE7013EE7
:10B0C000DFE723685A1C22600A221A70E9E7B1F907
:10B0D0000C202DE9F041170705460C4656D44B6865
:10B0E000002B02DC0B6C002B3DDDE66A002E3AD013
:10B0F000002312F480522F68216A2B6025D0626DE4
:10B10000A389580705D56368D21A636B0BB1236C0A
:10B11000D21A216A0023E66A2846B047411C24D08F
:10B120000023636023692360A389DA0400D5606586
:10B13000616B2F60B9B104F14403994202D02846F3
:10B14000F9F7E2FC002363630DE001232846B047D2
:10B15000461C0246D4D12B68002BD1D01D2B01D028
:10B16000162B2AD12F6000202EE02A68B4F90C306B
:10B1700042B11D2A01D0162A21D100236360236920
:10B180002360D5E7626022692260CEE70F69002F55
:10B19000E9D093070E680F600CBF4B690023A6EB44
:10B1A00007088B60B8F1000FDDDD43463A46216A9F
:10B1B0002846A66AB047002808DCB4F90C3043F0F2
:10B1C00040034FF0FF30A381BDE8F0810744A8EBB6
:10B1D0000008E7E738B50B6905460C4613B90025AA
:10B1E000284638BD18B1036A0BB9F9F763FCB4F906
:10B1F0000C30002BF3D0626ED00704D4990502D432
:10B20000A06D00F094F828462146FFF760FF636EBA
:10B210000546DA07E4D4A3899B05E1D4A06D00F0CC
:10B2200087F8DDE7C9B20346024410B593421846D9
:10B2300001D1002003E0047801338C42F6D110BD27
:10B240000A44431E914200D1704710B511F8014BDA
:10B25000914203F8014FF9D110BD10B50C46B1F978
:10B260000E10F9F779FD0028ABBF636DA3891B1899
:10B2700023F48053ACBF6365A38110BD2DE9F04179
:10B280001F468B8905460C46DB05164605D502236D
:10B290000022B1F90E10F9F74DFDA3893246B4F939
:10B2A0000E10284623F48053A3813B46BDE8F041AD
:10B2B000F9F718BC10B50C46B1F90E10F9F73AFDC4
:10B2C000431CA38915BF606523F4805343F4805366
:10B2D000A38118BFA38110BDB1F90E10F9F75EBCB0
:10B2E0002DE9F8430746884614460026D4E901951F
:10B2F000B9F1010905D52468002CF7D13046BDE825
:10B30000F883AB89012B07D9B5F90E30013303D08F
:10B3100029463846C04706436835E9E702440346F4
:10B32000934200D1704703F8011BF9E7704770475B
:10B33000704770B50C46B1F90E1096B0154600294D
:10B340001E460CDAA389002113F0800F14BF40239E
:10B350004FF48063002031602B6016B070BD6A46E8
:10B36000F9F7C6FC0028EDDB019901F47041A1F565
:10B370000053594259414FF48063EBE78B89F7B58D
:10B380009D0706460C4607D504F147032360236159
:10B390000123636103B0F0BD01AB6A46FFF7C9FF4B
:10B3A000009F054630463946F9F72AFC48B9B4F9FA
:10B3B0000C309A05EED423F0030343F00203A3817B
:10B3C000E2E7A389206043F08003A381019BC4E9E5
:10B3D00004075BB1B4F90E103046F9F79BFC28B1B5
:10B3E000A38923F0030343F00103A381A3891D4331
:10B3F000A581CFE708461146012200F063B800F0AE
:10B40000CAB87047431E012B03D9031F5842584145
:10B410007047012070474FF4D8720021FFF77EBFBC
:10B4200070B50446FAF7B0FE0546A8B9A169F1B1B6
:10B43000238AD3B1204604F1100200F0FEFA38BB93
:10B44000E16919B3638AA3B1204604F1120200F046
:10B45000C9FA78B1054603E00023A3612361E361E3
:10B46000002328466361236270BDA061E8E7208263
:10B47000E6E7E361216A0029F2D0A28A002AEFD030
:10B480002046E38ABDE8704000F06BBA6182F1E7C4
:10B490006582E561DEE711B9D0F8DC1021B1CB6837
:10B4A00013B18B68D88970474FF6FF70704710B59D
:10B4B000F9F7BEFC044608B900F047FB204610BD72
:10B4C000F9F786BF10B50C461146F9F7A7FFFAF752
:10B4D00021FF012801D1002010BD002CF7D105204B
:10B4E000FAE700F0A6B900F0BAB9F8B506460D467D
:10B4F000F9F79EFCD8B94FF6FF734FF0240CEF68B4
:10B50000C1B28F4208D81C4621463046F9F728FEC2
:10B5100000F01BFB2046F8BDAA680CFB0122D48971
:10B520009C4202D2002CEFD023460130E8E70024F1
:10B53000F0E7C08D70470A7838B505461046FFF72A
:10B5400061FF60B14C782046FFF75CFF38B12243C1
:10B55000530704D42846BDE83840FAF72DB9212016
:10B5600038BDFFF7E8BF10B504460878FFF74AFF7B
:10B5700058B14A781046FFF745FF30B1042A04D08D
:10B580002046BDE81040FAF735B9212010BDFFF77D
:10B59000EABF00F011B938B504460D4600F096F840
:10B5A00050B129462046F9F7DBFD30B9294620463F
:10B5B000BDE83840FAF70EB80E2038BD08B5F9F7E7
:10B5C0002FFC18B1BDE80840FDF726BA08BD70B5DC
:10B5D000044600200E4600F0B4FAD4F8F0503DB115
:10B5E000002331462046AC46BDE870401A4660470D
:10B5F0002B46012231462046FAF704FA284670BD50
:10B6000038B5044648880D4600F09BFAD4F8F0306F
:10B610002BB929462046BDE83840FAF705B9022083
:10B6200038BD00F090BA00F036B9FBF7C3BE38B5AC
:10B6300004460D4600F057FC0023C4F89050C4F8AF
:10B640008C30BDE8384000F049BC38B505460C46A2
:10B6500000F049FCD5F890301C40D5F88C302343DD
:10B66000C5F88C3000F03AFC211E18BF01210020E3
:10B67000490238BD13B50B7804468DF800308B783D
:10B680008DF801304B788DF80430CB7869468DF811
:10B69000053000F011F918B9204601A9FAF71AFB94
:10B6A00002B010BD00F09EB900F027B900F03DB91E
:10B6B00000F051B938B50446154609B100F0E5F976
:10B6C00015B12046FAF70EFC002038BD0346408A2B
:10B6D00018B1188A003818BF0120704700F03EBA30
:10B6E00010B50446FAF72EFF2046BDE810400321AE
:10B6F000F9F76EBE38B590F827400D46BCB1053C51
:10B70000012C8CBF0024012449682246FAF758FF17
:10B71000286890FAA0F0000AFCF726FCA97A28898C
:10B72000224681F00101FAF77BFF002038BD02209C
:10B73000FCE730B585B005460FC96C4684E80F00BC
:10B7400021462846FFF7D6FF05B030BD1FB5ADF83E
:10B7500008309DF81830CDE900128DF80A3000232A
:10B760006946ADF80C30FFF7E4FF05B05DF804FB67
:10B770000020704700207047013001D1FCF72CB940
:10B78000212070477047D0F8943003F06003402BBD
:10B790000DD0602B03D0203B58425841704749B12F
:10B7A0000B68012B06D9486940F00100704740F250
:10B7B0000110704700207047F7B504461046D4E9E1
:10B7C00054C7DDE908268CEA020587EA0601054030
:10B7D000194085EA0C057940C4E95451002523F449
:10B7E000004106EA010320F0010043F40073024027
:10B7F00043F00203CDE90055FDF7D2FB94F8243065
:10B800009A0713D5D4F854319B050FD54FF48811FE
:10B810002046FFF71AFF94F82430024665F34103EF
:10B8200084F8243020460B46F9F7C0FD002003B011
:10B83000F0BD08B5D0F8E4304BB11A68022A06D939
:10B8400093F825204AB1186AB0FBF2F008BD4FF416
:10B8500046624C210020F9F7F9FC0020F6E7D0F809
:10B86000E42008B57AB11368022B0CD9536A13F49B
:10B870007F4FC3F3072106D0126ADBB253438B42DA
:10B88000B3FBF1F006D2002040F67F424C21F9F7DD
:10B89000DDFC002008BD0346D0F830010860B3F895
:10B8A000343100208B80704790F830310C2B14BF5E
:10B8B00090F82B00FF2070474A7810B5012A1AD85B
:10B8C0000B78012B17D890F82540E40700D582B9F2
:10B8D000012B10D00B88A0F8F4304B7833B94FF01F
:10B8E0003A4341F6FF721A63002010BDF9F710FDCC
:10B8F000FAE70E20F9E72120F7E770B586B00D468C
:10B900001646012101AAFBF70DFA044650B1BDF815
:10B910000640B44228BF344624B1224629460120BD
:10B92000FBF76AF8204606B070BD0246538A084607
:10B930008B424FF03A419BBF41F6FF734FF6FF70C9
:10B940000B6F0B6781BF23F4FF5323F01F030343E7
:10B950000B67108770474FF03A43D86EC0F30C0066
:10B9600070472DE9F041884618F003070646154652
:10B97000194633D1B2F5805F30D89A422ED33F2A90
:10B9800028D9B2FA82F401220120C4F11F03DBB2EC
:10B990009A4092B2AA422CBFC4F11904C4F11A040D
:10B9A000E2B2931DDBB2984080B2A84214D096F860
:10B9B000F530ABB9012096F8253060F3000386F826
:10B9C00025304046FAF732FFC6F82080B582384667
:10B9D000BDE8F0813A46EAE70020ECE72127F6E7E8
:10B9E0000E27F4E7F8B511F0030607460D46144696
:10B9F00021D102B313883F2B1DD9B3FA83F3C3F1CE
:10BA00001901C9B2062901D8192B12D0062928BF5D
:10BA1000062101238A1DD2B293402846238000F0DC
:10BA200084F823883846FD617B82FBF73DF8304679
:10BA3000F8BD3146EDE72126F9E738B5148811F055
:10BA400003054FEAC4041ED13F2C1CD9B4FA84F478
:10BA5000C4F11903DBB2052B01D8192C11D0052B29
:10BA600028BF052301240633DBB204FA03F3C3F332
:10BA7000CF041480816104824387FBF715F82846C0
:10BA800038BD2B46EEE72125F9E7F9F741BC10B5A3
:10BA9000144608460121FCF765F92046BDE8104030
:10BAA0000121FCF75FB98021FEF720BB10B50446E9
:10BAB000F9F7A8FC01462046BDE81040F9F7A8BCFC
:10BAC00070472DE9F74F01251C469DF8303006469A
:10BAD00001930368174603F0070306339D4005F101
:10BAE000FF380B46A1B1416804EA080BA5EB0B0A2D
:10BAF00041F00059524509EB0B0114D95246184642
:10BB0000FFF79EFB49467A1B5A445044FFF798FBC7
:10BB1000019B2BB13C4448EA050804EA0804F460A0
:10BB200003B0BDE8F08F1846F0E74FF03A4301222A
:10BB30005A6741F6FF72D96418651A677047FAF7B9
:10BB4000A9BB0020704700207047704710F0FD0F20
:10BB500014BF4FF0FF300020C0B2704708B5FBF7AC
:10BB6000FDFDBDE80840FBF711BE38B50446FFF700
:10BB7000F5FF0546FFF7F2FF431BA342FAD338BD9A
:10BB800008B521B19200FFF75BFB002008BD212022
:10BB9000FCE700F06F43B3F1804F02D0B3F1204FC8
:10BBA00002D120F07040704700F06043B3F1204FA5
:10BBB00008BF20F0805070470B0C23F48053B3F57E
:10BBC000284FF7B50D468FB2064699B216D04AF601
:10BBD0000103994214D04AF60203994212D0B1F5FA
:10BBE000204F14BF04240324D6F8E0300BB11968A9
:10BBF00051B9D6F8DC3093B928680EE00024F3E799
:10BC00000124F1E70224EFE7234668463A46FBF7B2
:10BC100043FEDDE90003002BEBD103B0F0BD196852
:10BC20000029E9D0234668463A46FBF735FEDDE9B0
:10BC30000003002BE0D1F0E70204C0F3891307D51D
:10BC40006FEA83536FEA935313F5007F18B206D05F
:10BC5000A3F1C8006FF4FF739842B8BF184670474D
:10BC60000020FCF737BC0120FCF734BC0E207047E5
:10BC70007047FDF77DBDFDF77BBDFDF779BDFDF795
:10BC800077BD08B50846FEF78BF908BDFDF770BD16
:10BC900000207047014B1868704700BFB0EC0320CC
:10BCA00008B50B4B1B6F03F00703013B032B09D8AF
:10BCB000DFE803F00B020509FFF7ECFF04E0054B9A
:10BCC000186801E0FEE7044808BD0448FCE700BF2F
:10BCD00000800050B8EC032080D54302002D3101D4
:10BCE00008B5FFF7DDFF054B1B6FC3F303330133CB
:10BCF000B0FBF3F0024B186008BD00BF008000509D
:10BD0000ACEC03200048704700B4C40400487047FE
:10BD1000002D3101014B1868704700BFB8EC0320BB
:10BD20000048704780D543021A4B4FF400225A66F0
:10BD30004FF0B4439868C0F304400C2808D8DFE8FB
:10BD400000F009070707070722181A071C1E200022
:10BD5000002070474FF0B4439B6803F04073B3F189
:10BD6000807F12D0B3F1007F11D003B170470A4831
:10BD700070470A4870470A4870470A4870470A489F
:10BD800070470A4870470A4870470A4870470A488F
:10BD9000ECE700BF0090005000093D000024F400D3
:10BDA000C0EA210180BA8C010048E801005A620211
:10BDB000405DC60080841E0040420F00014B1868A1
:10BDC000704700BFB4EC032008B50A4B1B7853B191
:10BDD00007280AD8084B03EB00131B7B3BB1F6F78F
:10BDE000ABFC002008BD0548FCE70548FAE705481C
:10BDF000F8E700BF35EC0320C80C0020028000F0FB
:10BE0000018000F0078000F00C4B1B7873B110B577
:10BE10000C4607280CD869B1094B03EB00131B7BB8
:10BE200053B1F6F79BFC2070002010BD0548704709
:10BE30000548FAE70448F8E70448F6E735EC03203C
:10BE4000C80C0020028000F0018000F0078000F0A4
:10BE50000C4B1B7873B110B50C4607280CD869B190
:10BE6000094B03EB00131B7B53B1F6F791FC2060E9
:10BE7000002010BD054870470548FAE70448F8E778
:10BE80000448F6E735EC0320C80C0020028000F0DF
:10BE9000018000F0078000F0B8B1036803F03F00B4
:10BEA000C3F3821213F4E07F03D0012A0FD1094AB1
:10BEB00000E0094A31B102F580520123834013604A
:10BEC0000020704702F50052F7E70E2070470E2061
:10BED000704700BF688000506480005010B962B69F
:10BEE000BFF36F8F7047EFF3108072B6704780F327
:10BEF0001188BFF36F8F7047EFF31180302383F306
:10BF0000118870474FF4004070474FF47A707047C3
:10BF100008B50121FFF7C0FF08BD08B50021FFF7F4
:10BF2000BBFF08BD00000000000000000000000092
:10BF30000000000000000000000000000000000001
:10BF4000F8B500BFF8BC08BC9E467047F8B500BF06
:10BF5000F8BC08BC9E4670475FF800F081EC0320F7
:10BF60001E00000300020100000800B4A0BF00088A
:10BF70000100000F80BF000800000000000000006A
:10BF800006FF6CFFA1FFBCFFCDFFD8FFE0FFE6FF7F
:10BF9000EAFFEEFFF0FFF3FFF4FFF6FFF7FFF7FF16
:10BFA000C800AEFEB400E8087F8DFBFF4E00020320
:10BFB0006349FFFF2C00AF01EFE5FFFF1B00FF000F
:10BFC000E61A00001100A700DA2800000A0062004B
:10BFD0001528000006003B00A821000003000B000C
:10BFE000A10E000074C900080000000044C0000851
:10BFF0000300000000000000C017530274C90008CD
:10C0000000000000B0C000080300000000000000B5
:10C01000C017530274C90008000000001CC10008CA
:10C020000300000000000000C017530274C900089C
:10C030000000000088C100080300000000000000AC
:10C04000C0175302F4C10008809C2B8F80841E000F
:10C05000000000002500FF7FC4EC0320000000006A
:10C06000A0CD000800000000F4C10008809C2B8FC8
:10C0700080841E00000026002600B700C4EC0320C8
:10C0800000000000A0CD000800000000F4C100087E
:10C09000809C2B8F80841E000000270027008C00CE
:10C0A000C4EC032000000000A0CD00080000000048
:10C0B000D4C30008809C2B8F80841E0000000000E9
:10C0C0002500FF7FC4EC032000000000A4CD000881
:10C0D00000000000D4C30008809C2B8F80841E00C9
:10C0E000000026002600B700C4EC0320000000007A
:10C0F000A4CD000800000000D4C30008809C2B8F52
:10C1000080841E000000270027008C00C4EC032060
:10C1100000000000A4CD000800000000B4C5000825
:10C12000809C2B8F80841E00000000002500FF7F74
:10C13000CCEC032000000000A8CD000800000000A7
:10C14000B4C50008809C2B8F80841E000000260050
:10C150002600A000CCEC032000000000A8CD0008C1
:10C1600000000000B4C50008809C2B8F80841E0056
:10C17000000027002700FF7FCCEC03200000000018
:10C18000A8CD00080000000094C70008809C2B8FF9
:10C1900080841E00000000002500FF7FCCEC0320FF
:10C1A00000000000ACCD00080000000094C70008AB
:10C1B000809C2B8F80841E00000026002600B70084
:10C1C000CCEC032000000000ACCD00080000000013
:10C1D00094C70008809C2B8F80841E0000002700DD
:10C1E00027008C00CCEC032000000000ACCD000840
:10C1F00000000000FC4F010350CC0008104001007B
:10C20000004100003C4001001000000048400100D7
:10C210002017000350400100010400005C400100B1
:10C220000D0F00000841010003C0010054C00700C9
:10C23000511130000E000DE62A000000080B0C0D15
:10C240000D000000D1B6020080050000404007014B
:10C25000000020700000A011100000003000004617
:10C260001FC88100002000300080000064400501EC
:10C2700000000000B904F8004008000010000000B1
:10C2800092000A0088400F01B7031200000000600E
:10C29000000000000002050D1C2F42536269686017
:10C2A00053402E1F110A0808080807060504030357
:10C2B0000202020101010101000000000000000073
:10C2C000000000001C41010100302C8C38410701A6
:10C2D000BC200AF049C0510001000040B756351299
:10C2E0000078085009084000C00300805C4101014B
:10C2F00000000000684107014CD4E83B04190D70B0
:10C300000A10161C22282E343A4010325476980A0D
:10C310001D6980A4D041030100000000D00000008E
:10C3200000000200E041130100000000E2CFDD2C1C
:10C330007EB63A00600919005122E2004CB9510E54
:10C340003982A904D8229B29E2CFDD2C7EB63A009F
:10C35000600919005122E2004CB9510E3982A9043A
:10C36000D8229B29000000000000000044000000CB
:10C370003C3C3C3C4C420101080000046842010185
:10C380000000000038800101F1471000A080020188
:10C3900070380300D0000000A8800111F0010000F7
:10C3A000A8800131055AFD01AC800111F0010000A7
:10C3B000AC800131053EFD00EC000112E00F0000F1
:10C3C000EC0001320C205111840101020000000038
:10C3D000FFFFFFFFFC4F0103A4CC00081040010049
:10C3E000004100003C4001001000000048400100F6
:10C3F0002007000350400100000400005C400100E1
:10C400000D0F00000841010003C0010054C00700E7
:10C41000511130000E000DE62A000000080B0C0D33
:10C420000D000000D1B60200800500004040070169
:10C43000000020700000A011100000003000004635
:10C440001FC881000020003000800000644005010A
:10C4500000000000B904F8004008000010000000CF
:10C4600092000A0088400F01B7031200000000602C
:10C47000000000000002050D1C2F42536269686035
:10C4800053402E1F110A0808080807060504030375
:10C490000202020101010101000000000000000091
:10C4A000000000001C41010100302C8C38410701C4
:10C4B000BC200AF049C0510001000040B7563512B7
:10C4C0000078085009084000C00300805C41010169
:10C4D00000000000684107014CD4E83B04190D70CE
:10C4E000080E141A20262C32383E10325476980A40
:10C4F0001D6940B4D041030100000000D0000000DD
:10C5000000000200E041130100000000E2CFDD2C3A
:10C510007EB63A00600919005122E2004CB9510E72
:10C520003982A904D8229B29E2CFDD2C7EB63A00BD
:10C53000600919005122E2004CB9510E3982A90458
:10C54000D8229B29000000000000000044000000E9
:10C550003C3C3C3C4C4201010800000468420101A3
:10C560000000000038800101F1471000A0800201A6
:10C5700070380300D0000000A8800111F001000015
:10C58000A8800131055AFD01AC800111F0010000C5
:10C59000AC800131053EFD00EC000112E00F00000F
:10C5A000EC0001320C205111840101020000000056
:10C5B000FFFFFFFFFC4F0103F8CC00081040010013
:10C5C000014100003C400100000000004840010023
:10C5D000A007000350400100000000005C40010083
:10C5E0000000000008410100FF4C000054C007009B
:10C5F000512130000E000DE62A0000000405060758
:10C6000008000000D1B602006005000040400701AC
:10C61000000050510000A021100000000000008622
:10C620001FC08100000000200000000064400501E0
:10C63000000000404902F000400800000200000035
:10C640009200080088400F01DA032A00000000E091
:10C65000000000000102071121374B5A676962543C
:10C66000402915050000000001020304040403032F
:10C6700003030302020202020201010100000000A2
:10C68000000000001C41010100B0B18C38410701DD
:10C69000BC200AF0B6555200055B98408E6E82941D
:10C6A000233C4852893B4000C00300805C410101AB
:10C6B000FFDD000068410701E853FA000000004078
:10C6C000000000000000000000000000000000006A
:10C6D00000000000D04103010000AAAAD000000021
:10C6E00004001200E041130100000000FFAB000A4B
:10C6F0005CF10F00D341020095EDB100197BD80F1A
:10C700001208B904EA1B6D1FC9B7C20A0B203B000F
:10C71000430600005962F300727E9600A73D19009F
:10C72000D022F13B000000A000000000400000000B
:10C73000000000004C4201010800030468420101AE
:10C740000100000038800101F1471000A0800201C3
:10C7500070780300D5C00000A8800111F00100002E
:10C76000A88001310542CB01AC800111F00100002D
:10C77000AC80013105228D00EC000112E00F0000B9
:10C78000EC0001320C205111840101020000000074
:10C79000FFFFFFFFFC4F01034CCD000810400100DC
:10C7A000014100003C400100000000004840010041
:10C7B000A007000350400100000000005C400100A1
:10C7C0000000000008410100FF4C000054C00700B9
:10C7D000511130000E0009E62D0000000405060787
:10C7E00008000000D1B60200643500004040070197
:10C7F000000050510000A011100000000000008651
:10C800001FC08100000000200000000064400501FE
:10C8100000000040B904F8004008000002000000D9
:10C820009200040088400F01B7033B00000000E0C5
:10C83000000000000002050D1C2F42536269686071
:10C8400053402E1F110A08080808070605040303B1
:10C8500002020201010101010000000000000000CD
:10C86000000000001C4101010060B18C384107014B
:10C87000BC200AF0F6625200055B98408E6E8294EE
:10C880001C784852893B4000C00300805C41010194
:10C89000FFDD000068410701E853FA000000004096
:10C8A0000000000000000000000000000000000088
:10C8B00000000000D0410301000000AAD0000000E9
:10C8C00004001200E041130100000000FFAB000A69
:10C8D0005CF10F00D341020095EDB100197BD80F38
:10C8E0001208B904EA1B6D1FC9B7C20A0B203B002E
:10C8F000430600005962F300727E9600A73D1900BE
:10C90000D022F13B000000A0000000003800000031
:10C91000000000004C4201010800030468420101CC
:10C920000100000038800101C2241000A080020133
:10C9300070780300D0000000A8800111F001000011
:10C94000A88001310542CB01AC800111F00100004B
:10C95000AC800131053EFD00EC000112E00F00004B
:10C96000EC0001320C205151840101020010000042
:10C97000FFFFFFFF0C400100018101002040020089
:10C980000000000001000000304003000000000033
:10C990000000000000000000404002000000000015
:10C9A000004000006040010001010000A8400100BB
:10C9B00007000000BC400400000000000000000070
:10C9C00000000000000000000C410300FF4C0000CC
:10C9D000FF4D0000FF4D000020C0011000F80700CF
:10C9E00020C00130F502280124C00110FF00000022
:10C9F00024C001300013000028C00800EC80B303FD
:10CA000043754051A00F00F800400000A8AA07009D
:10CA100000000000000000000000000070C00900DD
:10CA2000BA10000000042000041880000B3C200114
:10CA3000187C10022FFCE0067F00000000000000C0
:10CA400000000000A8C00500BD4B721511A3180519
:10CA500010325476980A000000000000CCC0040098
:10CA6000010000000000000001000A000100280091
:10CA7000080001010807000018000101AAAAAA0085
:10CA8000200001010060DA005C40020100000003A8
:10CA90000000002078400401294176710000000068
:10CAA0008C000C0000000000C440040100000000E5
:10CAB000000000000000000000000000E040010154
:10CAC0000002000010410201331E050000000000BA
:10CAD0002041060100000000FF0483078813C83AC4
:10CAE000FF06660CFF0483078813FF03584101010A
:10CAF00000000000644101010C01000084410501B7
:10CB00000101000000000000000000000000000023
:10CB100000000000A441020100000000000000002D
:10CB2000B04102010000000058923EC0BC41030128
:10CB30000000000000003C00699006002C42030148
:10CB40006018004000000000000000003C420101AD
:10CB50000000000044420201140000000000000038
:10CB6000804202010000000081000000984205019F
:10CB70003F000002FFFF0000FFFF0000FF03000076
:10CB8000FFFF0000B44201010000000030430A0131
:10CB900040002001A0000000085000011F1F1F1FBF
:10CBA0001F1F1F1B18151311100E0D0C45C1872FC9
:10CBB00000000000000000001080010103000000E0
:10CBC0003C800101010000009C8001010000000088
:10CBD000B080020100030002370000019C00010246
:10CBE000000C0004D8000302050040AA88010000E0
:10CBF000C0000000F00001022B0100001001011232
:10CC000000FF0F001001013202000031500101123B
:10CC100000C0010050010132C100A20074010102F4
:10CC200069811B0C7801011200001C00780101329F
:10CC30001004E0CF80010112790700008001013269
:10CC4000020000008801010250000000FFFFFFFF0A
:10CC5000140000001CC771000000000048CE00084E
:10CC600008CE00080000000000000000005125026E
:10CC700040420F000102F600F147100200000000E0
:10CC8000B0CD00080000000000000000000000001F
:10CC90002A420F0000000000000000000000000019
:10CCA00000000000140000001CC77100000000001C
:10CCB00048CE000818CE0008000000000000000068
:10CCC0000051250240420F000108F600F147100212
:10CCD00000000000B0CD00080000000000000000CF
:10CCE000000000002A420F000000000000000000C9
:10CCF00000000000000000001400000066666600EE
:10CD00000000000064CE000828CE000800000000EB
:10CD1000000000000048E80180841E000101F800C6
:10CD2000F147500200000000B0CD000800000000F4
:10CD300000000000000000007C841E0000000000D5
:10CD400000000000000000000000000014000000CF
:10CD5000244992000000000064CE000838CE00088C
:10CD600000000000000000000024F40040420F001A
:10CD70000101F800C224500300000000B0CD0008FB
:10CD80000000000000000000000000002B420F0027
:10CD90000000000000000000000000000000000093
:10CDA000030400000303000003020000030A000064
:10CDB00002000000C017530206140000802FA604D2
:10CDC00005380000A008000000005809010407060B
:10CDD000100A01040707C80A00040807800B0004B2
:10CDE0000808380C000409086108000000008A08DF
:10CDF00000000000C709010404032C0B0104040413
:10CE0000920C010405040000E5BF00002823000087
:10CE10006B0300006B030000F5DA0200A41F0000A2
:10CE2000900100009001000050C300007616000041
:10CE3000770100007701000050C30000F22B0000D2
:10CE4000EE020000EE020000193F0106041001008E
:10CE50000001010600102700000A00000000000089
:10CE600000000000193F0106041001000001010646
:10CE700000102700000C000000000000000000006F
:10CE8000E4BF0008FCBF000814C000082CC0000864
:10CE90000B0000000C000000030000000000202038
:10CEA00000000000020000003C3C3C0000000000CC
:10CEB0000000000000000000010310010109030050
:10CEC0001E000000160000001A00000057000000BD
:10CED00000000A500A000000CCCE00080500000047
:10CEE0000000000000C2010000020000001000006D
:10CEF000000000000000000000000000050000002D
:10CF000000000000802500008002000000100000EA
:10CF10000000004000000000000000005241494CA9
:10CF20002068616E646C652069732053746172744B
:10CF3000696E67210D0000004552524F523A20524F
:10CF400041494C2068616E646C65206973204E55C0
:10CF50004C4C210D0000000094CF000800000000A0
:10CF600070CF00080100000000000000C01753024D
:10CF7000000000008008089240420F0000000000FE
:10CF80001400FF7FE0EC03200000000048D40008FC
:10CF9000000000000C400200000000000040000003
:10CFA000204002000F000000000000003040070099
:10CFB0000000000000000000000000000000000071
:10CFC0000000000000400000000700035040010086
:10CFD000000000005C4002000000000000000000B3
:10CFE000A840010007000000BC4004000000000051
:10CFF00000000000000000000000000008410400E4
:10D00000FF4C000000000000FF4D00000000000089
:10D0100020C0011000F8070020C00130FE012801E7
:10D0200024C00110FF00000024C0013000130000E4
:10D0300028C00800EC80B30343754051A00F00F8EE
:10D0400000400000A8AA0700000000000000000047
:10D050000000000054C0100051213000120011E601
:10D06000360000000A0E0F101100000088C60200F2
:10D0700020050000BA100000000420000418800001
:10D080000B3C2001187C10022FFCE0067F00000002
:10D090000000000000000000A8C00500BD4B721594
:10D0A00011A3180510325476980A00000000000001
:10D0B000CCC00400010000000000000001000A00D4
:10D0C00001002800080001014407000018000101C8
:10D0D000000000002000010101A0000040402501E7
:10D0E000000040700000000010000000000000047C
:10D0F0000FC08200000000200000000000000003BC
:10D100000000002000000000B904F800400C0000FE
:10D1100008000000120014006FB1000000000000C1
:10D120007C0E000000000000F1032A0000000462F1
:10D1300000000000040A142232414A4F000000009F
:10D1400000000000000000000000000000000000DF
:10D1500000000000000000000000000000000000CF
:10D1600000000000000000000000000000000000BF
:10D1700000000000E0400101000200001041020137
:10D18000331E0500000000001C410E010060418CB0
:10D1900000000000FF0483078813C83AFF06660CEE
:10D1A000FF0483078813FF03BC200AF0EB605100E3
:10D1B0000365A440008DF655A432A842893B400087
:10D1C000C00300805841020100000000FFFD000084
:10D1D00064410D010C010000E853FA00000000401A
:10D1E000000000000000000000000000000000003F
:10D1F000000000000101000000000000000000002D
:10D200000000000000000000A44102010000000036
:10D2100000000000B041020100000000E09537C0AE
:10D22000BC4103010000000000003C0069900600C2
:10D23000D041030155555555E6016E800600AA0000
:10D24000E041160100000000020CDF302E9E31008C
:10D25000011816009D930200133AF00DA97F68048F
:10D26000B324E52C020CDF302E9E3100011816008D
:10D270009D930200133AF00DA97F6804B324E52CB6
:10D2800000000080000000004000000000000000DE
:10D290006018004000000000000000003C42010156
:10D2A00000000000444203011400000000000000E0
:10D2B00008000504684201010000000080420201EC
:10D2C0000000000081000000984205013F000002BC
:10D2D000FFFF0000FFFF0000FF030000FFFF000052
:10D2E000B44201010000000030430A014000200167
:10D2F000A0000000085000011F1F1F1F1F1F1F1B41
:10D3000018151311100E0D0C45C1872F00000000D9
:10D3100000000000108001010300000038800201BD
:10D32000C3391000010000009C80030100000000D0
:10D3300070780300D5C00000A8800111F001000042
:10D34000A88001310542CB01AC800111F001000041
:10D35000AC80013105228D00B08002010003000283
:10D36000370000019C000102000C0004D8000302F9
:10D37000050040AA88010000C0000000EC00011276
:10D38000E00F0000EC0001320C205111F00001020E
:10D390002B0100001001011200FF0F0010010132EB
:10D3A000020000315001011200C0010050010132A1
:10D3B000C100A2007401010269811B0C78010112F5
:10D3C00000001C00780101321004E0CF800101123E
:10D3D000790700008001013202000000840102028E
:10D3E0000000000050000000FC4F0103F4D30008CF
:10D3F000FFFFFFFF14000000444444000000000051
:10D40000B4D40008A4D4000800000000000000000C
:10D410000051250240420F000101F800C3391002FB
:10D42000000000004CD400080000000000000000D4
:10D430000000000043420F00000000000000000058
:10D4400000000000080000000000000002000000D2
:10D45000C017530206140000802FA60405380000F0
:10D46000A00800000000580901040706100A010482
:10D470000707C80A00040807800B00040808380CD6
:10D48000000409086108000000008A08000000008C
:10D49000C709010404032C0B01040404920C0104C9
:10D4A00005040000560D0000560D0000E8030000C2
:10D4B00000000000193F01060410010000010106F0
:10D4C00000102700000C0000000000000000000019
:10D4D000696E737400000000010100002320496E92
:10D4E000697469616C697A696E6720424C452049AC
:10D4F00051206D6F6E69746F7220666F7220536574
:10D50000656564205849414F204D4732342E2E2EF8
:10D510000D000000232050696E20436F6E6669671E
:10D520003A2044383D5041303328434C4B292C207D
:10D5300044393D50413034284D49534F292C204423
:10D5400031303D50413035284D4F5349292C20442E
:10D55000373D50433037284353290D002320417570
:10D56000746F20656E657267792074687265736880
:10D570006F6C642073746172743D257520286D6929
:10D580006E3D25752C206D61783D2575292C207404
:10D5900061726765743D2575204D6270730D0A00D8
:10D5A0002320464154414C3A205241494C20686165
:10D5B0006E646C65204E554C4C0D00002320455286
:10D5C000524F523A205241494C5F424C455F496E9E
:10D5D0006974206661696C65640D000023205365E1
:10D5E000656564205849414F204D47323420424CF4
:10D5F000452049512073747265616D696E672052D0
:10D60000454144592040203230204D487A20535023
:10D610004920284F5054494D495A4544290D00008E
:10D6200023204275666665723A202575207820258C
:10D63000752042203D20256C75204B420D0A0000CC
:10D6400023205241494C3A20626974726174653DED
:10D650002575206270732C2073796D626F6C726116
:10D6600074653D2575207370730D0A00594553008C
:10D670004E4F0000232054583A206368756E6B7338
:10D680003D256C752028256C75204B42292C206483
:10D69000726F707065643D256C752C2073706565C4
:10D6A000643D256C75204D6270732C2074785F7119
:10D6B0003D25752C2072656164793D25752C2066A9
:10D6C0007265653D25752C20686973743D25752C40
:10D6D000206361703D25732C2065746872657368E2
:10D6E0003D25750D0A000000050000000000000047
:10D6F0008096980002010000000000000202000075
:10D7000000020101232D302B2000686C4C0065665F
:10D710006745464700303132333435363738394182
:10D720004243444546003031323334353637383998
:10D73000616263646566000000000000B0010000E3
:10D74000100800200002100024E90320C009002076
:10D7500000000001000001010001010120C001B82A
:10D760000B000000000000000000000000000000AE
:10D7700000000000050000000000000000000200A2
:10D780000000100000000000000000000000000089
:10D790000000000009000000000000000000000080
:10D7A0000000000000000000030000000000000076
:10D7B0000000000000001000120000000100000046
:10D7C0000000000000000000060000000000000053
:10D7D0000000000000000000000000000000000049
:10D7E0000000000000000000000010000200000027
:10D7F0000100000000000000000000000101020321
:10D8000000040001020303030304040404050500EB
:10D8100000000001010101020202020303030303ED
:10D8200004040404040000000101010107070808C2
:10D830000303030504040405050506060607070798
:10D84000080302020404040304050506060606078D
:10D850000707020202030303030404040405050589
:10D86000050506060606010202020203030303037E
:10D870000404040404050505050606060C0C0C0C3E
:10D880000B0B0B0B0B0B0B0B0B0B0B0B0B0B0B0BE8
:10D890000B0B0C0C0C0C0C0C0C0C0C0C0B0B0B0BCE
:10D8A0000B0B0B0B03040404040505050506060613
:10D8B000060607020202020303030304040404042D
:10D8C0000505050505060606020202020707030410
:10D8D0000607040403030303040506030305060700
:10D8E00008040506040304040303040506060304F0
:10D8F00005060708C7BFBEBEBEB5B5B4B4ABABDC4A
:10D90000DCDBDBD2D2D1D1C8C8C8C7BFBEBEBEBD6A
:10D91000B5B5B4B4B4DCDBDBD2D2D2D11B1B161646
:10D920002E2D2D2A29292925242420201F1B1B1BAD
:10D93000162E2D2D2A2A29292524242020201F1B9C
:10D940001B1B2D2DBEB5B5B4B4ABABABAAA2A1A128
:10D95000A1A099999898C7BFBEBEBDB5B5B4B4B4DF
:10D96000ABABABAAAAA2A1A1A19999990000000012
:10D970000303030303020202020202020303020280
:10D980000202010101010101000000000303030381
:10D9900003020202D0C7C6C6C6BDBDBCBCB3B3B28B
:10D9A000B2B2A9DBDBDADAD1D1D0D0C7C7C6C6C6DE
:10D9B000BDBDBCBCBCB3B3B2DBDBDADA1F1F2D2BA1
:10D9C000221E2E2E323232312D2624303028231FB3
:10D9D0001B2B26222E322E2E31312D282424302CA2
:10D9E00027231E1AC8C8C8C8C8C8C8C8C8C8C8C855
:10D9F00000A801A802A8000000B801B802B800B051
:10DA0000030404080805040008007C0031003B0002
:10DA10001B0000004C3900007C030000CC3C0000DF
:10DA2000040000001C3E000004000000543400000C
:10DA3000F8040000C83C000004000000183E00008C
:10DA4000030000000000000054340000D03C00003F
:10DA500001000000203E000037000000CD3B000028
:10DA600055340000010000000006800F7047944903
:10DA700009684143880B7047924800680104C80F49
:10DA8000704730B5002090490A680023FA24A401A9
:10DA9000521C6568AA4200D322681578AD06AD0E07
:10DAA0009D40054328009B1D1E2BF1D30A6030BD0D
:10DAB00084480168090408D584490A68824B1A60C1
:10DAC0004A68C2618868B14908607047F3B583B09D
:10DAD0001700C006000E00901038912833D2FFF7CF
:10DAE000CBFF00282FD00026794C01250398FFF7A3
:10DAF000BBFF002802D0022803D003E020682840A2
:10DB000000D001260197734F04980C21615E4018E4
:10DB10000E21615E4018FFF7AAFF01994018386096
:10DB2000049800994018FFF7A2FF01994018786007
:10DB3000C020800168490860300368490860FCF72C
:10DB400003FF9348057005B0F0BDFEB5644B654D0D
:10DB5000C02080040290F02000050190186902287E
:10DB600005D228680199014002988142F0D0894885
:10DB70000068C01C8849014388480160884A894C74
:10DB80000421A068084204D0187D8006C10F490016
:10DB900023E00226304022D01869042805D22F68DD
:10DBA00001983840029FB842F6D0187D0007000F58
:10DBB000072814D1587D022811DD987D8006800E3B
:10DBC00002280CDBD87D009007460F4207D0C00723
:10DBD00000D50A21374200D0891D00290BD1724897
:10DBE0006E49086000201860802189026F4B19601F
:10DBF00010602061F7BD481C1E69864205D22F685F
:10DC0000019E3E40029FBE42F6D06948405C0090B3
:10DC100020610098C000F821014002D08020C0049B
:10DC2000186064480668012E00D1490059602168D7
:10DC300000291DD159490B682026A65F36039B0594
:10DC40009B0D33430B600126166002219160009901
:10DC5000890909D10068002801D1182000E01A20A4
:10DC6000225E0098FFF732FF207A000700D426607A
:10DC7000F7BD4A484C4901600021194A11608022D1
:10DC800092024A4B1A60464A11604B4A0261426155
:10DC90003F48017070470620484908600020484905
:10DCA0000860F0210901474A116080214900464A75
:10DCB00011600849404A0A604A6035490870704757
:10DCC000A83E0000C04101A81C3E0000883E0000A4
:10DCD000A43E0000C84101A8C06101A8C05101A82C
:10DCE000C44000A80C0002A830B581B00400A00315
:10DCF00014D530480068002801D1162000E00C201F
:10DD0000FEF7C0FA3148806E0007C10F304801703D
:10DD1000082030490860C003244908602E4D286857
:10DD2000000406D5FFF7ADFEE861FFF7AAFE17492C
:10DD30000860A00727D58020C0021C490860FCF7B6
:10DD400026FE00281FD0254A1068C0B2002802D045
:10DD50000621234B1960810915D01C490B68012B42
:10DD6000FBD949680905090D091DC900114B1B683C
:10DD7000012B00D14908002B01D1182300E01A2300
:10DD8000D25EFFF7A3FE01B030BD00005C4201A8E7
:10DD9000563E0000204000A800F0FF3FB84101A817
:10DDA000044003A89C3E0000FFF3FF3F106001A861
:10DDB000D84000A86C3F0000FFFF0300006401A8EA
:10DDC000504000A80C6000A80C5000A81C4000A8FF
:10DDD000D03C0000846000A8C04101A8A03E000023
:10DDE000005401A870B50822814B1A60FB239B01E7
:10DDF0001B68DC0302D50020088070BD0C88001968
:10DE0000401E00787B4DA870641C0C8045076D0F88
:10DE1000052D05D8784E3668F60603D5022D0DD0AF
:10DE2000032070BD9604AE401E4001D1082070BD95
:10DE3000052D03D1104201D1641E0C80A948486011
:10DE4000002070BDF3B582B008886C490978491C80
:10DE5000C9B2814204D202990918491E097800E02A
:10DE60000021644A517093785B075B0F0193302364
:10DE7000019C052C28D1194233D19478E5081E2441
:10DE80002C40CD0702D5250001242C430125A14EAD
:10DE9000E6402E4073D0019F9F4EE641402426402D
:10DEA0003E434C0602D53400202626439478890848
:10DEB0000D40A7080C2139402943C02525400D43BA
:10DEC0002021294396705170FB2189010C685578F7
:10DED000022123262E4008D0660302D52B40202B9A
:10DEE00001D0052082E0424B196093789B0601D453
:10DEF000202203E09278120702D540223C4B1A60A0
:10DF00003C4A92786B461A70C022844B1E680E40C1
:10DF100001D1154212D06E46377827263E40232E77
:10DF200003D1E60207D4012606E0252E03D0212ED8
:10DF300004D1260302D504262D4F3E601B681940EC
:10DF40002026019F002F1CD11E4027D0294B5B7833
:10DF50001A40402A13D00C221A40042A0FD02A0754
:10DF60003BD40122002902D0E100CB0F5A40694680
:10DF70000978CB07DB0F1A422FD021012AD40720C2
:10DF800034E0022FE2D11E4008D00029DED1CC239C
:10DF90002B4003D16B461B785B0601D5032025E09F
:10DFA000A30311D59C4E73691B051B0D5B1C3668C2
:10DFB000F60205D5994E36683607B60F9B1B5B1ED9
:10DFC0009BB2052B04D1C1E7029B1B78052BBDD06A
:10DFD00006200BE08021064A1160E90702D4401CAC
:10DFE00003990880AB4803994860002004B0F0BD55
:10DFF0004C1002A8183E0000480002A8343E000061
:10E00000F2B587494978CA0705D4009A1288801862
:10E01000401E037800E00023FB22920110680224D6
:10E020009D4D2E68F60611D512695340DBB2002BC8
:10E0300003D16E68D30973402340002B03D0020242
:10E0400004D40A20F2BDE206944E3260744A1E02E5
:10E05000C0230B403343914E336093785E07760FB5
:10E06000022E06D16D682C4003D100200099088053
:10E07000F2BDA0250D409E08102737402F433D09D3
:10E080000E0702D42E0010253543CC240C401A264E
:10E090002E400A2E04D1CC2C02D02E00FD25354076
:10E0A0007F4EEE40F60705D4000416D5412B10D163
:10E0B000082912D17B48E84011210140214320204A
:10E0C000084310700D210140009808D000F0AAF814
:10E0D000F2BD0B2B01D10029ECD00720F2BD00F0DE
:10E0E0001FF8F2BDB534000038B50C006E490B784E
:10E0F0001A0953399500491925881B071B0FEB1A7C
:10E100009A1A8018FEF75CFD010002D1200000F091
:10E1100007F832BDF300A3E3981440684C0002A84E
:10E12000F8B50400614805683D4F3878D026304284
:10E1300002D00D21014005D008205D490860EF2084
:10E14000FEF7FBFC39782000314204D00909397010
:10E1500000F068F8F2BD0521294020D00288FB219B
:10E160008901CA60534BEC0705D5521C0280690631
:10E1700007D4514B05E043242C40422C03D1521CC0
:10E18000028043600DE01022494B1A604B4A096837
:10E190008B00DB0F1901116380210903116000213D
:10E1A00001800020F2BD0A888018401E0078830696
:10E1B00001D4121D0A801822024004D00888520897
:10E1C0008018C01E088039480068C00702D508883A
:10E1D000401C08803848486000207047334A136864
:10E1E000DB0708D51268920705D40A888018401EFC
:10E1F000007804280DD110202D4A10602F48FB22F2
:10E20000920112689300DB0F1A010263802212034D
:10E2100002600020088070470C4000A8080001A898
:10E22000183E000031B581B0254900200090082239
:10E23000244B1D7802230C24254202D100222249BE
:10E2400003E02C40082C00D10222EC0703D50C007F
:10E250001E21614000931D4207D014490968090638
:10E2600001D51A4901E00021C943019B184C2160E6
:10E270001849FF248C70009C15012543CD7008704F
:10E28000188800994018801818801348586000209A
:10E2900036BD000071360000480002A8481002A8F0
:10E2A0000D0F0C0D071708504B3F00004C0002A843
:10E2B0004C2002A8173800004D3800001C1002A89E
:10E2C000DE1B2501183E00002084100000FCFF0129
:10E2D000F43E0000483F000059370000183E00009F
:10E2E0002134000039340000393400003934000092
:10E2F0003934000039340000000000000000000044
:10E300000000000000000000393400003934000033
:10E31000393400002D2B0000393400005F2C000040
:10E320006F2C00009B2D0000FD2D0000872E0000AB
:10E330000D300000B12E0000BD3000000D2F000098
:10E340005D2F0000D52F0000753200006D330000F6
:10E35000312C00001F280000CD23000039340000BC
:10E36000C928000039340000052A0000C92900002E
:10E370003934000039340000452A000039340000E7
:10E3800039340000393400003934000039340000D9
:10E39000393400001F1200001512000090488068F8
:10E3A000000200D4704780B580208002AB4908602D
:10E3B000CF2000F051FA01BDF8B58A4800688A4CB8
:10E3C000802292032260FB26B601316809051DD523
:10E3D000110BA023034001D0216017E002403FD180
:10E3E0008027824A1760824A1760084038D07C4DE7
:10E3F000287A400705D501207E49086000027E4941
:10E4000008602878002801D0062801DB0020F2BD32
:10E4100000F07AFB716889684E682978052907D170
:10E42000B905A1606E60B668CC218901724A11609D
:10E4300000F073FB012E00DA0226BC20800588491B
:10E440000860942080058749086068480021C94316
:10E4500001647142416484490F6040210160D5E745
:10E4600082480160FFF79AFF0120F2BD5D48016814
:10E47000890504D5C06E0004000F022801D00020D9
:10E4800070470120704738B580245848046000F078
:10E490003BFB05007648006800F068F9280000F0B2
:10E4A0003CFBFFF77BFF4E48007A000705D5A00034
:10E4B0004D49086000F03AFC31BD60036B490860CB
:10E4C000B148046031BDFEB50500CC20800169492A
:10E4D0004860012668480660FFF7C8FF00287DD025
:10E4E0003F4C2078002879D031020195052802D0D0
:10E4F0002A460A4072D1CC27BF015E4A17608D4A76
:10E50000126881231B02134001D0032301E053074B
:10E510005B0F022805D1022B5ED308013649086043
:10E52000F7BD4D01032804D1022B55D932480560AF
:10E53000F7BD042802D111404ED0F7BD05284BD1BC
:10E540000198002848D0C005C10F68464170019865
:10E55000C004C10F6846017000F0D6FA02906068EE
:10E5600069464978002903D006688021204A116055
:10E570002C0486496A461278002A0CD0C2680B68BF
:10E58000D21A834B1B68234001D0066800E046681E
:10E59000964200DD1600684640786A4612780243CB
:10E5A00008D008684242B01E824202DA7042886097
:10E5B00000E00026029800F0B0FA0198800501D52D
:10E5C000964804600198054001D095480460002EEB
:10E5D00002D009480760F7BDFFF755FFF7BD0000FF
:10E5E000203E0000440002A8442002A80CC001A85C
:10E5F00090E001A8C4D000A8145001A838B5802428
:10E600008848046001201C490860874D2878052847
:10E6100002D0600085490860FFF728FF002812D06B
:10E6200013480068000A80214140A868000EC9B262
:10E63000814208D23F4800684007400F022802D2BA
:10E64000FFF721FF31BD7A480168C0220A4002D19C
:10E65000C06F204001D00448046031BD1C1002A8E6
:10E6600008E001A808D001A894D001A8441002A88D
:10E6700018C000A8106001A8C4E000A8F1B582B0DD
:10E680000F00A020384003D0802080006A494DE070
:10E6900000F03AFA009067480468F80202D5A068D2
:10E6A0000069029000F0ABFB80210903606800F074
:10E6B0007DF926780020761C6178B14200D20026D0
:10E6C0001821714365180C3529780829F3DA26706A
:10E6D000A56055492A780A70BA0507D555480068DB
:10E6E0008068C068FA0201D4032290438860012741
:10E6F000384003D100F0A0FC01F004F9F904686986
:10E7000000F054F93C2000F0A7F8F0B200F0A4F8B3
:10E7100060884A4901406180009800F0FEF93805A0
:10E720004549086046480760380246490860029833
:10E73000FEBD0000184001A810B5434800688005E0
:10E7400001D4FE2010BDC02080034049086000F0C5
:10E75000DBF9384909688A78D20702D589688C784C
:10E7600000E00C7800F0D9F9200010BD31490968AB
:10E770008A688B78DB0704D5927818235A438A1865
:10E780000C32906070470000100002A848C001A839
:10E790004C0002A8F1B582B02D4F3C680026200F36
:10E7A000000702D1E00102902AE001F0ABF800F08E
:10E7B000ABF9019080210903606800F0F7F8257833
:10E7C0006D1C6078A84200D20025E80020180C30AB
:10E7D000009000680290802109030098406800F0D2
:10E7E000E5F83D2000F038F8E8B200F035F8257083
:10E7F0000098A060019800F090F902A801F0DCF800
:10E8000014480068800407D5F86901F0CCFD02992E
:10E810000818029000D502960298FEBD4C1002A87E
:10E820004C2002A894E001A8203E0000146001A83A
:10E8300014C001A8C43E0000442002A8FEFF00004E
:10E84000C0E000A8106001A8440002A8441002A87B
:10E85000C83E0000FC0302A849490968002901D507
:10E86000484908607047F3B581B0474FB968474CD5
:10E870004A0057D50125090100D521250100444A48
:10E880001068566822689206920E94463A68930081
:10E890008022134062461343802252001A430092A2
:10E8A0000A0023D0890601D5012008E0F0210140AB
:10E8B00007D16946097A0C220A4002D0022000F0F2
:10E8C0004AF83449096809040AD53968090701D5A5
:10E8D000022605E03968490301D5002600E0032639
:10E8E0004835009A2C490968890003E0009A2A49B2
:10E8F000896B09094023194011430207120F032AAB
:10E9000005D12268120904231A40324316008022DE
:10E910005200002E02D016432666083521660243B7
:10E9200022662566E06D4407640F00F0D7F8A00763
:10E930000BD0052C09D0B868000406D400F0E4F828
:10E940000221164A116000F0E8F800F0D0F800202B
:10E9500000F001F8F7BD0E490A68F0239A43000160
:10E9600010430860C0B270478020C0020C4909689B
:10E97000890701D10B4900E00B490860704700008E
:10E98000500002A8884000A8480002A8284000A81B
:10E99000683F0000684101A8184001A8D4D4035082
:10E9A000844000A8486000A8485000A880B56F4A7D
:10E9B000116001F023FDFFF7D7FF01BDFEB5FB2578
:10E9C000AD012878000604D5287F002801D018243E
:10E9D00000E0462400F098F802906548C0684005C1
:10E9E000C20DD52A01D2D52204E0D12040008242B6
:10E9F00000D90200100001005E4B01932B6B5B01FC
:10EA00001DD55D4B00931D1D5C4E367806277E4359
:10EA1000AA530025019B1B7CEB40DB070CD5009B18
:10EA200006266E439B199B888FB2BB4200D2190009
:10EA300086B29E4200D218006D1C022DEAD389B224
:10EA4000091909044E4B0B40001BC005C00D1843AB
:10EA500047490860C02000064A4908604548017DD2
:10EA600000290CD04849D52A02D98023DB050B6048
:10EA7000D1235B009A4202D280231B060B60002147
:10EA8000424B19604188002900D10280029800F0B1
:10EA900044F800F071FDF7BD80B53D483D49086080
:10EAA0003D48C1680902090A192251434160052104
:10EAB0000160FFF783FF01BD80B5FB208001017875
:10EAC000090604D5007F002801D0FFF777FF324800
:10EAD0000068C00301D5FFF771FF01BD8020C002AF
:10EAE000224908602D4800684007FBD47047802009
:10EAF000C0022B490860704701E02A4908602A4992
:10EB000009680140F9D17047284800682021284A47
:10EB100011601021274A116070473021014002D155
:10EB200010202349086070472048006830210140C8
:10EB3000102901D101207047002070471E48012193
:10EB40000160C160704701201C49086070471C4883
:10EB500000780621014007D01A480068022803D037
:10EB6000032801D00120704700207047441002A8FC
:10EB70007C400050743F0000443E0000403E0000D6
:10EB80000000FF01A0600050A450005018E000E019
:10EB90007F1A0601540002A810E000E0440002A819
:10EBA000442002A8282002A8280002A8600002A889
:10EBB000602002A8601002A8789001A884A001A893
:10EBC000A43E00006C3F0000F8B563488021490274
:10EBD000C1610221614A51600021614AD162614AEA
:10EBE000118003215D4A1160022101605E4DCC015C
:10EBF000A868204010D05A480068F021090501405B
:10EC000090200005814207D0022058490860012069
:10EC100001F018FC56480460202056490860802006
:10EC200055490860CC2080015449086001245448AB
:10EC300004602E683004070F52480068C505ED0DCA
:10EC4000103DC0202843C0B2FFF706FE4448C06B09
:10EC5000800309D5092F07D0FFF779FF002801D0DD
:10EC600003F0F9F801F028FA3007000F0090464849
:10EC700006680098032803D0022806D1032F37D056
:10EC800000F05EFA0098032803D0062F30D1062D3D
:10EC90002ED03E480068C00B204001D001F004FD9A
:10ECA0003B480068000108D5052D06D101253948EB
:10ECB00004606005FFF720FF00E000253100380008
:10ECC00000F078FA0600002D06D000F01FFC324854
:10ECD000046002203149086060052F4948658009B9
:10ECE0002F490860FFF733FF002801D003F0A1F897
:10ECF0001A4821040162002F08D10221416000203E
:10ED00001749C863C020C0001C4948643000F2BDE8
:10ED100080B5FFF7E3FEFB2080010078800602D477
:10ED2000022020490860FFF7E2FE01BD02201E49D3
:10ED300008607047802000061C49096801400AD01D
:10ED4000C10D1B4A1278920701D51A4A00E01A4AEF
:10ED500011601A49086070472C1002A8282002A8E8
:10ED60000C0002A8503E0000B00002A86C1102A8DE
:10ED7000B82002A894E001A80CC001A8146001A862
:10ED8000C4E000A804ED00E0B44000A800E200E008
:10ED9000F03E0000645000A8646000A82C4000A869
:10EDA00080E200E0081002A8082002A8440002A89F
:10EDB000703E0000FC1302A8FC2302A8442002A815
:10EDC0005A480068800700D4704770B59448012104
:10EDD0000422BB4B0C02E025ED0086682E4002D0D9
:10EDE0001C601A6119610068054002D01C609A60BD
:10EDF000996070BDBF48012181600160704710B506
:10EE0000012088498A680240FCD1BB4A042313616F
:10EE10000C680440FCD193600002106010BD824970
:10EE200008680122104200D1704710B5E023DB00D2
:10EE30000340FF24A41CA34204D3C04B1B689B06C1
:10EE400000D54868024001D000F044F910BDFEB57D
:10EE50000700764E30683F218843754909780143A1
:10EE60003160FFF7DCFF734880214903954C08258A
:10EE7000954A1268D20504D525600322B26201606A
:10EE800006E0C822B2620622904B1A60904A1160D6
:10EE900000978909C16000980068984FB96881425D
:10EEA00001D2019100E001900199401A0099086097
:10EEB0000121009800F0FAFB060000980068019913
:10EEC000401800990860FFF77BFF8D4800683860A4
:10EED000002E13D1002060627B480168C90501D46F
:10EEE000102161620068284001D0256000E0656063
:10EEF00095480068400001D5680260623000FEBDA0
:10EF0000FB208001017809060DD5007F00280AD07A
:10EF10008A484168C90606D40068A0210140481EFD
:10EF20008041C00F7047002070470000500002A8C9
:10EF300080B5FFF7E5FF002803D00021042001F091
:10EF400047FC01BDF1B581488149C860EE20C0048D
:10EF50000860804880490860FFF7D2FF002803D08E
:10EF60000021042001F034FC7C4C8020C001206092
:10EF700008277B4887650125754845641D20784929
:10EF80008862784E9B204000B061072001F05AFA59
:10EF90000220734988624C490A68D20603D5704939
:10EFA000714A0A6008E00F220968394002D0310036
:10EFB000103101E0310014310A606C490968002900
:10EFC00000D4B761E32109013160C021C900684A5A
:10EFD0001268F823DB01134001D1F16201E05C4AC1
:10EFE0009165216C294008D0616BC90705D461493E
:10EFF0000968084001D101F009FC0020C0435E49C6
:10F000000860606B054001D1FFF7DAFE009801F05F
:10F0100007FA606B8001FCD4606A58490860F1BD52
:10F02000900102A8940102A8783F00002C8001A85A
:10F03000523E0000981002A870B5FB2080010178B4
:10F04000090606D5007F002803D00021052001F025
:10F05000BFFB4B4801683F2291434A4A12780A435A
:10F0600002603E4848490122436B134001D10A63C4
:10F070008A62972252000A6010220A60434AE22301
:10F080001B019366424BCB610021424B19608023E8
:10F090005B00072408210C4D2E680E4005D09467B4
:10F0A0002C68234006D1916704E0D4672C68234084
:10F0B00000D1D1670323136011630903016070BDA0
:10F0C000881102A8601102A8FC0302A80C9001A8F4
:10F0D000982002A8F02109012F4A116001402F4811
:10F0E000016020202E4908602E4909680840BF4968
:10F0F00008607047902102A8882102A8A03F000064
:10F10000340002A82848294982680A4002D1C2680E
:10F11000114001D00F49016012480821A64A136826
:10F120000B4000D081611178C90602D58C210901FC
:10F1300001601420AE490860E9E10000440002A823
:10F140000448054908607047EC0002A8000FFF0062
:10F15000242102A801200000706201A8100002A86A
:10F16000C01002A8501102A8BD03000028C000A8CA
:10F17000A88001A8283E0000B46000A89C3F0000C1
:10F180002C8001A8533E0000682102A8E82002A8B4
:10F1900010100000C00002A8586001A8585001A833
:10F1A000482002A8184001A8704201A800800080F1
:10F1B00070470000F8B586B005000C008D48006867
:10F1C000400102D52000402404438B48C66AFFF763
:10F1D0009BFC0590B00503D588480068FFF7C6FA88
:10F1E0000020019001237006C00F0290844A9168AC
:10F1F00000209060B8204000824E30606608B82041
:10F2000030401278F0261640402E02D102004020F5
:10F2100010430D2D02D10A00042111434A0704D5E1
:10F2200002001420104310229443774A12686D465E
:10F230002B70D20506D580225200744B1A60020052
:10F2400001201043029A002A11D10C220240082A00
:10F250000DD00200684B9B6BDD0601D41025AA433C
:10F260009B0601D420239A43B12313404FD06A4612
:10F270001278002A4ED0A34A956B966D01236D0734
:10F280006D0FAD1DAB40F504ED0C5B1B9BB2082B65
:10F2900009D280200623584D2B6043029A4D2B60E3
:10F2A00000236D462B708123034036D00823029D36
:10F2B000002D00D113620D000821294310239C4327
:10F2C00004231D05954E3560DD04954E35606D4671
:10F2D0002D78002D1ED0062B25D3464DEE6CF6065C
:10F2E00021D5904E3668360E01966D69ADB28D4EC1
:10F2F000F66B360603D02E0080256D01354315616F
:10F300002D121561404A1268D50592D40BE00822EF
:10F310007C4B1A620491009032E000BF27A345069F
:10F32000ED0E5B5DD3E7049100903348026B7D499D
:10F330000968744D2E686F463E81282616401E438C
:10F34000930CDB0133431600120E3240102632407C
:10F350001A43890040231940114302AA9170406B5F
:10F36000000A02A9C870FFF7E7F902A9087101981D
:10F3700048716D480068C8800298E8660398E8669E
:10F380000598FFF7CAFB0825600601D5634885602C
:10F39000FFF7DDFB002805D064480078002801D085
:10F3A000634805600498C1B20098C0B2FFF75BFAE9
:10F3B000200007B0F0BD0000F84F00000301070671
:10F3C00003010706050106060501060603020706F6
:10F3D000030207060502060605020606081A03D2FE
:10F3E000544909684018401C70470000481002A8A2
:10F3F000703F0000084000A8180002A81CC000A828
:10F40000683F0000B46000A81C0100AA1C2100AAEB
:10F41000F8B5494F494E0F24012549494948806BA9
:10F42000C0061BD501200870474800684749096895
:10F43000FFF7D4FF316F4018012858DB01F08EFA36
:10F4400043490968090B0C40022C4ED16905414A19
:10F450001160102139643B490D6046E03948006C69
:10F46000C0001FD53C480068E021890501403ED01E
:10F47000374D28682103014080208001814236D128
:10F48000FFF742FB354A36490968C90502D53549B7
:10F49000096811602968090B21400229F3D0FFF7A0
:10F4A0003CFBF1BD30480068002820D001220A70E2
:10F4B00000F0B6FF00281AD101F050FA244909687B
:10F4C000090B0C40022C10D102213278D20705D54D
:10F4D000264A12680A4001D01A4A1560CA031D4B19
:10F4E0001A6039600021204A116001F03BFAF1BD39
:10F4F000802080041E4908607047802040041C4919
:10F5000008607047540000AA141100AA00BF1948EF
:10F510000168490701D0FF2141617047441002A8EA
:10F520004C5001A8184001A8448001A8D03C00001C
:10F53000845000A838C001A8082002A8703E00002E
:10F54000553E0000100002A81CC101A820C001A85F
:10F55000B00002A81C1002A84C4001A8800000AA1C
:10F56000084000A8904000A82C3E0000F03E00009B
:10F570003C2002A80C4000A83D480068000217D5B6
:10F580003C4801680BA2008ACA384009105C081880
:10F5900040B2082801DB401F02E0002800D5401DD2
:10F5A00035490A68354B134000068011184308603E
:10F5B0007047000002010000FFFEFD00FF2807D099
:10F5C000032805D22E490978C140C807C00F7047EB
:10F5D00000207047F0B5802000020821294A116000
:10F5E0000A230121284A01249C40044329A5ED5CFB
:10F5F00025439560F025254E3560224D28A6F65C02
:10F60000022737432F6004262E60214D2D680D40C0
:10F6100006D1CD026D1E03D0966C3603FAD401E0FC
:10F620000220F0BD956CD66C6D036D0BAE4200D21E
:10F6300020005B1ED7D50823144C23609060AC4B90
:10F640001B685B0112D5AB4C63785D1C01262E4014
:10F6500066701D000626754365191268AA80E88049
:10F660002370074802789940114301700020F0BDD3
:10F67000500002A8643F0000F80302A8FFFFE3FF68
:10F68000843F0000889001A8448001A888A001A8B8
:10F69000140002A80000000101020408102020004C
:10F6A000505050404040403020202000F1B584B000
:10F6B000914C92484068C00516D5606AE021C900A7
:10F6C0000840884210D1AA48006E0004000F8C49FF
:10F6D0000A68D20601D5072804D00968C90603D4F0
:10F6E0000B2801D1002001E1FFF784FBA14840690C
:10F6F000400101D401251CE09F48826B00207D4918
:10F70000C3B206256B43CB189B8895B2AB4204D09D
:10F71000401CC3B2022BF3D3FF200870012595488B
:10F720004069400105D50878FFF748FF002800D060
:10F73000002592485021405C000608D58D4800788D
:10F74000002804D08B484078002800D10125E069CA
:10F7500002906A480068E061894E04980068316D43
:10F760004718012F16DB00F0D2FD3060C001381AB7
:10F7700001280FDBFFF743FB00F0C4F80498006892
:10F78000316D401800F04CFE002803D00021049A8F
:10F79000116010E07B4FC020C0003860206807284F
:10F7A00032D005210840052808D021600C2000F047
:10F7B00049FE002802D00299E16197E0724EFF20D5
:10F7C0007A3070620420B062FFF719FB02203060CB
:10F7D000E020C0046D4948608020800478600220E9
:10F7E0003860012000F02EFE802080007062022030
:10F7F00000F028FE8020C00070620820B062022065
:10F8000000F020FE0220B062614EE0204000F06176
:10F810005A480078C00705D5802000065D49086079
:10F8200040083060042000F00DFE019000284BD10C
:10F8300002205649086080027064C0017064102084
:10F840004D4908600120B0674C4F494800684006A8
:10F850001ED448484069400113D5264800786946BF
:10F86000087068460078FFF7A9FE002809D02148F3
:10F8700069460978062251434018C0883E49086409
:10F8800006E001203873FFF7A5FE019000281BD188
:10F890000120394908600020C867022000F0D2FD2D
:10F8A0003C4E4020F061C030F0613878C00705D58B
:10F8B000C020000630603048006CF881022000F063
:10F8C000C1FD8120C0027064002D05D02848006869
:10F8D000800101D4FFF7F0F8E069E021490301401D
:10F8E00002982D4A02400A43E261019805B0F0BD3A
:10F8F000F03E0000403E00005C0102A8F80302A8B0
:10F90000B04301A870B5FFF775FAFFF778FA234CFA
:10F9100023480068C00509D5E06F000B0F210F22B6
:10F920000240072A23D001400B2920D0022512488B
:10F9300005601C4E0820B062C0017062012000F01A
:10F9400081FD2802706235600620B0621648706240
:10F95000E0204000154908600C4805600021144A69
:10F960001160C021C900016020681249086070BDA3
:10F97000500002A8DC3E00000C8001A8703E000090
:10F980008C3F0000981002A85C1102A8982002A8E1
:10F99000109001A810A001A8FFFFE3FF340002A807
:10F9A000FC0302A85C2102A8F96100002CA001A8B8
:10F9B0005C0102A8943F000070B50600FFF71FFA33
:10F9C0002848C021C900284A1268F823DB011340E7
:10F9D00001D1C16101E0254A116025498022520010
:10F9E000244B1C68144003D008240460032001E069
:10F9F000AC20400088641868024001D10A200860E9
:10FA00001D488021490301608909C1601B4C606960
:10FA1000AF21C90145183068854200D30500401B5D
:10FA2000306000213000FFF741FE31684919316034
:10FA300013490968216070BD8020000111490860E8
:10FA4000000111490860704710B50400FFF75CF829
:10FA50000E490A680E4B13401C430C60FFF75DF81B
:10FA600010BD0000601102A8AC8001A87C2102A892
:10FA70000C8001A8FC0302A8981002A8903F000087
:10FA8000340002A8441002A8685000A83040005A70
:10FA9000FFF8FFFFF1B584B0E020C000FFF7D4FF0E
:10FAA000B04800680190B048006BAF21C901401810
:10FAB000AE490978C90708D40499884205D2081AC2
:10FAC00000F0AEFC002800D016E2A94C6068C00728
:10FAD00000D511E20425A748C562A803A64988629B
:10FAE000A248006D0090A06B8607B60F032E03D0CE
:10FAF0001020A049C86223E00846E9038162E16B57
:10FB0000890601D5012053E00099090610D5E26B62
:10FB100002210A400CD1994A05231360E36B102798
:10FB20003B401943116000211160A16B090A11606B
:10FB3000C562E06B002803D5E8038E498862002681
:10FB4000A06B284004D0A06BC000A901084003E0CE
:10FB500085488068C10701D5FFF7BCFA01200099EC
:10FB6000014008D0BE49B2018918096AC904C90C0C
:10FB7000491EBC4A11600021BB4A13681B0403D50F
:10FB8000926F002A00D40121C0208000B74A50653E
:10FB90003202764B1B78DB0701D4002901D001002B
:10FBA00000E01100B24B1960B04988655A6000202E
:10FBB000216C942292050A40110000D001216A466E
:10FBC00011706E026F036946097801432CD0CB484F
:10FBD0000078C0210140402902D1FFF799F801E0E7
:10FBE000FFF7A4F8202020606846007800281AD08B
:10FBF000A06B284009D028035F4988620220C049D1
:10FC0000086000F0A1FA002805D05A48C5625A4899
:10FC10008662BB48076055485021405C000602D50B
:10FC200068045449086067E16068C007FBD4E803D2
:10FC30005149C862FEF752FF8A48406E216C394034
:10FC400008D1C00606D5FEF75FFF0221AD4A11605C
:10FC5000FEF763FFFEF74BFFA8022060C0200006FE
:10FC6000A949C860A803A9490860A06B4007C10F53
:10FC7000684601700198C00700D4CDE000F06EFE28
:10FC80000290FEF75BFF206C40040DD400BF00BF64
:10FC900000BF00BF00BF00BF00BF00BF00BF00BF6C
:10FCA000802000069A490860FEF74DFF029800F098
:10FCB00059FEEE20C004AD4908609348466295495C
:10FCC00003220A647F224A644222019BDB0501D49D
:10FCD0000A6000E002600646A020B06008208B4960
:10FCE0000866A3480560206CC0025BD5A148416846
:10FCF0000A0B0F2313401A01D21A09090F250D40D0
:10FD000051190F3901D1002200E04A1E82A55B0083
:10FD1000EB5A0193102945D313490D88E72D41D3A0
:10FD200095235B009D42019B9C4608D895235B0070
:10FD30005B1B1B0965465D43AB0A5D4205E08E4BCC
:10FD4000EB181B0965465D43AD0A6DB252190B6B8A
:10FD50009C46CB6B5D4363465B190B63B32A0FD3A1
:10FD6000B32210E0FC0302A8743F0000703E0000C4
:10FD7000100002A81C2002A81C1002A8E40000AA7F
:10FD80000F2A00D20F227D485043C00C7C49784B8B
:10FD90001960411C09030301C01A1018401C00011E
:10FDA0000843B066714D7748A864C0208001F060B8
:10FDB00056487549416775498167F02000016865BB
:10FDC0007809B0610A2000F03DFB82204002B06655
:10FDD000C4200006F060C02040016D490860012089
:10FDE00000F030FB0120F060062000F02BFBF760F4
:10FDF000082000F027FB7802F0604008F06040081F
:10FE0000F060C000F0604000A864032000F01AFB1E
:10FE100078005749086004E05E4A4021002001F064
:10FE200015F80020C0431149086000F070FA9B4E9D
:10FE3000401DC001316B47188020C00198494D6FAB
:10FE40000540984908600498874214D2316B401AE3
:10FE500000F0E6FA00280DD0934805604CE000BFA2
:10FE60000C0000AA204000A8684101A8B46000A8C6
:10FE7000085100A8049F8D482349C860012000F064
:10FE8000E1FA606AF0628020400020490860380092
:10FE900000F0C6FA864F3878C00703D58C2040059D
:10FEA000FEF72AFE68460078002806D17C480068E4
:10FEB00078678020C0037F4908607B4805602B4835
:10FEC00002218164C02189018164606A7062684690
:10FED000007800280AD0012000F0B4FA5020385CE5
:10FEE000000603D58020000396490860206CC002FC
:10FEF00002D520480068306305B0F0BDF03E000038
:10FF0000685000A8D4E40350601102A8B81002A8F9
:10FF100004500950600102A800000000000400081D
:10FF20000008010C01100218021C0324042C0430E8
:10FF30000534000080B55E490978C90701D500285D
:10FF400003D0C0208000FFF77FFDFEF7DDFD95495F
:10FF500000220A600A22CA61FEF7DFFD9248C02132
:10FF6000890201609149416001BD0000242102A87D
:10FF7000C82102A8F83F0000D6FEFFFF89880000D4
:10FF8000F0F0000004040000020300000004FF0081
:10FF9000B05101A8050700008548806B800300D49C
:10FFA0007047F8B5834800680090002400200126BF
:10FFB0000099314001D0C02080017F4902220A60AF
:10FFC000086408277D4807607D480068C00403D4A2
:10FFD0007C4800683840FBD07B4D3448686504207D
:10FFE00000F030FA8820C00468650098304027D0BF
:10FFF000F005686580006865012000F023FA6E65F1
:020000040801F1
:10000000F00368654002686500F0A8FC0600FEF792
:1000100095FD6748006C40040DD400BF00BF00BFD1
:1000200000BF00BF00BF00BF00BF00BF00BF8020F7
:10003000000666490860FEF786FD300000F092FC7D
:10004000634E0098C00501D5376000E034607460ED
:10005000C02000066865C00C5E490860012000F001
:10006000F1F9F0200001E8665B480099C90502D566
:100070000321016000E004608620400257490860C7
:10008000574868652F60A020286534647464B802FE
:1000900047490860000153490860F1BD743F000002
:1000A00020C001A894E001A894D001A8024000005B
:1000B000703E00001C1002A8F8B54B4800680D27E0
:1000C00007400424002F00D1042748481025660368
:1000D0000821474A474B1B682340126814D04260EE
:1000E000394004D00220FEF736FC434806603C400D
:1000F00007D042480068054340480560B0083E49C3
:10010000086002203E4915E00260394005D0022017
:10011000FEF721FCA002384908603C4006D0374871
:1001200001680D4305607009334908603448066072
:1001300030032C490860FFF72FFF00210020FEF755
:1001400092FBF1BD1C2002A810B580202D490A6841
:1001500002400AD02C4B1A680624144005D15C6E6C
:100160002A4A22401B6D9C0101D5002010BD096860
:1001700008400DD02648824203D1180501D5012040
:1001800010BD24480068C107C90F481E8041C00F38
:1001900010BD214803210164A821C1631021016021
:1001A00070470000D80000AA442002A80400008084
:1001B000100002A8FC0302A82C1102A8106001A8DC
:1001C000D84001A8104001A8182102A804600950D5
:1001D000600102A8B06101A8548001A8C82102A84A
:1001E00004340000482002A8B44000A8E83E000003
:1001F0001CC101A8480002A8441002A8683F0000E2
:10020000685000A8440002A814C001A81F1F0000E5
:10021000010C000030C101A8082002A86C48006849
:100220000121084209D16B4A12686B4B000C18403F
:10023000F03291400B40984201D0022070470020DC
:100240007047F8B507000F386A461080604CE068C8
:100250000A0004D16B461B8882B29A423AD200222D
:100260006B461A80012502263A0013D022683240DC
:1002700007D000292ED059480088401C57490880D3
:1002800000203900216156490E6080B2B84201D386
:1002900069460D805348456000E030BF206830401B
:1002A00003D1FFF7BBFF0028F7D04D484560390068
:1002B00010D02168314005D048490A886B461B8818
:1002C000D2180A80066000202061E068B84201D29E
:1002D00044480660FFF7A2FFF2BD38B5050000F004
:1002E0003DFB0400012199204543A8093E4A1268BC
:1002F0008018123880B2FFF7A4FF05008020C001EB
:100300003A490860200000F02DFB280032BD334838
:1003100003883549096802889342F9D11004081806
:100320007047FEB51238070C6946088000F016FBCE
:100330000190274C294D2888B8421ADA01202C490F
:100340000860274E30BF02202168014006D030608F
:100350004003264908602888401C2880FFF75EFF7C
:10036000002802D12988B942ECDB01217160002804
:100370000DD12888B8420AD1E068694609888842C8
:1003800005D2002168460088FFF75BFF01E0FFF718
:1003900045FF04008020C00114490860019800F066
:1003A000E1FA2000FEBD10B512490A680E4B1B6829
:1003B0000C689442FAD0DB014033141A02D28869E7
:1003C0002418641C0C4800684443181B10BD00002E
:1003D000280002A804ED00E0FF3F0000503E0000AE
:1003E000282002A8281002A8340002A880E200E019
:1003F0002C1002A820C001A8B43F0000F0B502E014
:100400000A601C602E607EC84F1C07D05F1C04D0A1
:100410006F1CF5D10A601C60F0BD0A60F0BD0000E1
:1004200010B5C409FFF773FF201A312806DAC0009F
:10043000183801D4C01EFDD5002010BD2000FFF7E4
:1004400070FF10BDC32148436F3801D41E38FDD55D
:100450000020704780B5FEF77EFA01208C490860C5
:1004600001BD38B58B490C6808258B490D60FFF735
:10047000F1FF2C4001D08948056031BD80B5EB20EB
:1004800000F001F801BD30B585490B681840102215
:10049000134211D0834BFB24A4012468224008D0CE
:1004A000B04A14682402FF252D0225401D63002454
:1004B0001460802252031A60086030BDF3B5010059
:1004C00016001C0000250095A748019A330000275C
:1004D0000BE0BC464F5D4743AE009E597E40575DE2
:1004E00047433740664637436D1CA542F1D339096F
:1004F00039438A080A43510811430840C10901439E
:100500000F208A0B0A4302405040F6BDF1B582B07D
:100510000E00002093490860FD25AD01EF7AA87A0E
:1005200001900F21394000910ED00B468F4A90491F
:100530000298FFF7C3FF019901408A4801608D4886
:1005400041438D48084001D1012400E044013809AD
:1005500015D032003B0929000298009E6D7A75196A
:100560004019FFF7ABFF0199091101407D4802686E
:100570000B0113430360002901D0480044437F4826
:100580000068204001D10420FEBD0020FEBD80B5E2
:100590000A00002111807A4952888018FFF7B6FFBF
:1005A00002BDF0B50F22774B5C7905780F20204013
:1005B000C5402009284001259C79C4402C4001D128
:1005C0000320F0BDFB24A4012468254008D06E4D13
:1005D0009E684700F65B761E2E608026B601EE60B0
:1005E000DD78DE79C640F00711D5E0060FD5002D85
:1005F0000DD0664848600888488008881C78001933
:100600002A4080185A7880182A09801800E00020B3
:1006100008800020F0BD10B55D4801685D4A0820E3
:10062000014200D09061C90602D58C2109011160F8
:1006300059495A4A5A4B1B681B040CD54B685C0439
:1006400002D5C303136006E0C024A4011C4043028A
:100650009C4200D010600B68034005D0514B1B68D2
:100660009B0F9B0700D01060FB2080010078C02307
:10067000034002D180204005106008682021084016
:10068000106049480068C00101D4FFF7F7FE10BDB3
:100690002C4000A84C4000A84C6000A84C5000A87A
:1006A000703F00001C1002A8F8B5404F38687E6803
:1006B00006403F4830403F4908608024A4033E4D37
:1006C000F00228D5FB208001016801200A0605D52B
:1006D0003A490968A9602870022014E0014202D05A
:1006E0003749A9600FE00020C9060CD52749A96049
:1006F000344A91780B071B0F12789A180909511880
:10070000A980E880A888A880A888002801D026436E
:1007100001E0FFF7B3FE264023D0264E746034601C
:10072000A88800280BD0396A814208D3291D2648A1
:10073000AA6890470100F3D0FFF78CFEF1BD0100DD
:100740000CD0FC218902F16120490203CA613460A6
:100750004C603A6A824204D30C60F1BDEB20FFF793
:1007600092FEF1BD303E000001010101F83E0000A3
:10077000383F00001111000021840000F43E000009
:10078000183F0000483F0000204000A8B3220000AE
:10079000F84F0000502102A8184001A8481002A8F4
:1007A000684101A84C4201A8D04000A8B44000A86C
:1007B000FFFFDFFFB46000A8343E0000C83C00002B
:1007C000C7220000493F0000D84000A8B45000A84C
:1007D00070B505000C0000F0C1F80600FEF7AEF998
:1007E0002002054306480560022006490860FEF71E
:1007F000AAF9300000F0B6F801200349087070BD76
:100800000480095040900950543E0000FEB5C020BD
:10081000C004334908603348334948653348886524
:1008200033484024046044601020FFF70BFE00288A
:1008300054D1FF2000052F4908602F482F49086038
:100840002F4829490860A5032A4805602D480768F4
:100850000820FFF7F7FD002840D108262A48066047
:100860000120FFF7EFFD27488068019027480660C8
:1008700027481D4908601F4805600820FFF7E2FD72
:1008800000282BD1204806600120FFF7DBFD1D4822
:10089000806800901D480660134D1E48286001992D
:1008A000009800F03FF88606B60E0198C10B00983C
:1008B000C00B00F037F80002FC21890101403143F0
:1008C00029601048076060030A4908601248046004
:1008D000446012490164124941640020FEBD0000D9
:1008E00020E000A8571400004C0102A8FF3FFF3F82
:1008F000601102A8B42002A80000380EB41002A8AB
:1009000030300000104101A8105101A8106101A869
:100910001010000020200000602102A8F703F00062
:10092000FF3F000010B54904CA104004C310991AD3
:1009300000209A18D30F9A18521052188B115B0E80
:100940005B18DB11D2182023541A01D4220018435B
:10095000CC0F611849105B08F6D110BDEFF3108081
:1009600072B67047002800D162B6704710B5C20059
:1009700018231340FF249C40E2438907090E994045
:10098000030004D474489B089B00C01806E0734B16
:100990000007000F083880088000181803681A4004
:1009A0001143016010BD80B573225421002000F076
:1009B0004DFA01BD10B5FFF7D1FF694901220A6068
:1009C000684B694C2360694C23600323684C2360A7
:1009D000684C2360684B1A60684B1A60684B80242F
:1009E0001C601A60674A1A6011228A63FFF7BAFF17
:1009F0003F206549096801400A1D402A00D2081DB0
:100A0000624A1070A548017010BD80B50100112028
:100A1000FFF7ACFF01BDFFF7A1FF05000024012196
:100A200060B2FFF7A3FF641C0E2CF8D301210F2046
:100A3000FFF79CFF01211320FFF798FF01211720EA
:100A4000FFF794FF03210120C043FFF78FFF01212F
:100A50001E20FFF78BFF4E484E49086002204E498A
:100A6000086001209B49086047044C4C20693840CD
:100A7000FCD02068800101D4FEF70EF82800FFF7B3
:100A800071FF47480068400311D4FF2226325321EA
:100A9000002000F0DBF90AE000281CD0FEF734F853
:100AA00019E020693840FCD02800FFF75BFF206E7A
:100AB0000004000F022801D1FEF7AAFCFFF74EFF49
:100AC0000500774EFEF730F800287078E4D0002853
:100AD00001D1FEF722F801202F493278002A05D1F2
:100AE0007D4A1268920600D4086030BF002232703E
:100AF00002220A6077490860D3E7784801684268B3
:100B00000A408048104018490860800700D47047A8
:100B100010B57D480188491C0180FB24A401207880
:100B2000000617D579490A680F20120B0240032AE4
:100B300010D1774A12685207520F032A0AD809685F
:100B4000090B0840032805D10D20FFF78AFCE08A35
:100B5000401CE08210BD000000E400E01CED00E05D
:100B6000040002A80000FF3F282002A82C1002A8C1
:100B700040E002A844C002A804C001A8044001A8A3
:100B8000145001A8200060062C8001A8523E0000ED
:100B9000FFFF9B4000E100E0602002A8500002A897
:100BA000F80702A8F8B55B4C2068656805409048D6
:100BB00005605948284007D0FDF7C9FF002803D039
:100BC000280056490968884701210222894800788F
:100BD000C00701D5022300E001232B408648002BEB
:100BE00010D0864B1A60864A12680A4007D1026804
:100BF000F0231B051340902212059342F3D0090203
:100C0000804A116080210D4220D0A26AF823DB01C6
:100C100013401BD0C0221201934217D880231B0619
:100C2000894E3360A76AF826F6013E40374F3F6889
:100C30003F043F0F022F01D0032F03D1002E01D01C
:100C40009642EFD3904A1360694A11608F49097840
:100C500006290DDACC20800128401DD0FFF77EFE4A
:100C600004002800FDF72FFC2000FFF77BFEF1BDFC
:100C7000806B800510D58648284005D0FEF798FA8D
:100C80002800FDF720FCF1BDA80205D58020400119
:100C9000574908607F490860F1BD0000533E0000DD
:100CA000553E000010B57C48016844680C407B4804
:100CB000046080210C4205D0416079480160002029
:100CC000FDF701FC600403D58020400575490860EC
:100CD00010BD0000601002A8F40302A8280002A8BA
:100CE00038B57148016844680C40E00707D5FFF744
:100CF00035FE0500FDF782FC2800FFF733FE6B4848
:100D0000046031BDFFFF00C0503E0000B00002A8EB
:100D1000184001A8104001A802000600CC3C0000C9
:100D2000FEB5634C206C676C074001252F4216D03E
:100D30002E066048066020685F490D60002802D0DA
:100D40000021FDF733FE5D480068A021C9018842FB
:100D50008041C043C00F5A4948705A480660FDF7A9
:100D6000D3FE0190022007403ED06168CEB20F0A48
:100D700055490822494B4403012E24D0022E31D17B
:100D8000012F22D1514EF6780096504E3778012629
:100D9000BE404F4F3E604D4E3678760590277F041B
:100DA000F71903263E434B4F3E601C604A4B1C60C4
:100DB0000B68009C1B194B65444909788D404749D5
:100DC0000D6047490DE00090DFE7002F0AD1454E46
:100DD000356000254D655C601C60C104424B1960A4
:100DE00042490A60344908600198FDF796FEF7BD54
:100DF000106001A8703E00000C0002A86C1102A84F
:100E0000B44000A8B82002A870B5FDF77DFE04002C
:100E1000FFF7A4FD2F490A68D2070FD52A4A566D5D
:100E20001368334D2E60CE686E604968E981802179
:100E3000C904204E3160297B59185165FFF792FD96
:100E40002000FDF76AFE70BDE06101A8002800D017
:100E5000704770B50C00FDF757FE0500FFF77EFDEB
:100E60000600FDF76BFE234804600121224A116051
:100E7000026C0A40FCD1FDF766FE3000FFF772FD00
:100E80002800FDF74AFE70BDE05101A8203E000099
:100E900000104006145001A890C001A890E001A8DD
:100EA0000CC001A804ED00E0C0C000A8C0E000A88C
:100EB00000C002A8441002A840E002A8404000A8D8
:100EC000553E0000442002A818800A50693E0000E8
:100ED00068A00A5060C101A894D001A868900A5087
:100EE000F42302A860E101A880E200E0F41302A864
:100EF000603E0000008009504090095080B5FDF729
:100F000026FE002801D000F0B3FE01BD80B5FDF73C
:100F10005BFEC348006800030AD4FEF711F9FFF72F
:100F20003BF8FEF789F80120FFF704F8FEF7EAFC2A
:100F300080208005FDF7E0FD01BD80B5FDF744FE92
:100F400080204002FDF7D8FD01BDFEB505208D498A
:100F500008608D4806680124264201D1FDF74AFF4A
:100F6000FDF732FE9C49086800909C484968016082
:100F7000B105CA0F69460A710025264210D00095B6
:100F80009749496801609648026896490B68981A23
:100F90009A4202D38B69C018401CA24B9842F5D3E9
:100FA000A148056068460079002804D03100009807
:100FB000FDF764FB009000279B480068204003D1A8
:100FC0006846FDF744FF0700FDF79AFF002840D070
:100FD0008348407C00283CD19449814DEE680A69E1
:100FE00033689A4200D00120914A9446914A13787E
:100FF000062253436246D35AB4460200182672436F
:101000006646B2185360009A0192EA680123434091
:1010100018204343D61830680861B0680860A248B9
:10102000F1680160316901627069A049086001A836
:10103000FDF70DFF002806D17D497E4A1278062370
:101040005A43895A7160390007000F4301D16C740B
:1010500001E0002F02D10098FDF774FF9E48046064
:1010600002209E490860C820C004BC490860600492
:10107000FDF742FDF7BDF8B5994C8025EF02FDF76D
:101080003FFF002808D097480078002804D1380096
:10109000FDF732FD2560F1BD206CC00506D580202E
:1010A0000006206000BF00BF40082060FEF72AF85D
:1010B000FDF78AFDFDF780F90600A948A9490860F7
:1010C000FFF71CFF3800FDF717FD002E00D025604C
:1010D0000120A5490870F1BDF8B50120FFF795FC86
:1010E000A24CA34800682060FDF76EFD7820205CCC
:1010F0000521014002D0FDF70BFE01E0FDF716FED1
:10110000774D0227A06F384001D0012028601020C1
:10111000C043984908600026EE6397480660FDF7D3
:1011200016FD002802D000F0F0FD00E06663FDF738
:10113000D5FC92480068296C090407D4000705D53E
:10114000FDF7E2FC8E490F60FDF7E7FCFDF7CFFCF1
:10115000FFF761FAB804FDF7CFFC0020FFF755FC5C
:10116000F1BD80B5FDF730FD2D480068000303D4C4
:10117000FDF762FFFEF7C6FB80204003FDF7BCFCD5
:1011800001BD00005C1102A8440002A838B5FDF7BB
:101190001BFD534C2025FEF7D7FF002806D0606BBF
:1011A000000704D5FEF7F5FFFEF746FC2560FDF7C6
:1011B00043FFFEF7A7FB734800780C210140042988
:1011C00002D1FDF7A5FD01E0FDF7B0FD6804FDF7D4
:1011D00093FC4020206031BDB83F00002C3E000051
:1011E000CC3E000020C001A81CB50520664908605F
:1011F000FDF7EAFCFEF7CDFF644800680090684602
:10120000FEF7DAFB0400FFF779FE002C02D100980C
:10121000FEF740FC80204004FDF76EFC13BD00008B
:101220000C0002A801FF0000283E0000348001A845
:10123000463E0000403E0000F8B5FDF7C5FC544CAA
:10124000A56A5020284002D0FDF762FD01E0FDF7BD
:101250006DFD234FFEF778FF00281BD1B86B4007C8
:101260001DD4786BE0214901014018D1A80611D4A2
:10127000FDF734FCA56A474E354207D0FF20C04336
:101280002D18A56280200005A9490860FDF72FFCF4
:101290002E4002D00120386001E000202060802034
:1012A0008004FDF729FCF1BD1C4101A8284000A8DD
:1012B00080B5FDF789FC9F480068C00501D5FDF7A2
:1012C000BBFE0120FEF736FEFEF71CFB8020C004AB
:1012D000FDF712FC01BD0000442002A8305201A815
:1012E000100002A8DD3E000010B526480468FDF796
:1012F0006BFC9149096809032AD40321C00601D572
:10130000214001E0A0080140012902D1FDF700FDC4
:101310000BE0200107D50E20FFF79CF88748042139
:10132000016008210160FDF701FDFDF778FD844CA7
:10133000206984490860FFF7E1FD2068002807D094
:101340004000122802D2FFF77DF801E0FEF7C5FF4A
:1013500080208003FDF7D0FB10BD0000106001A8C5
:1013600070012000B46000A8553E0000783E0000E7
:1013700008C000A8482002A8303E0000844000A811
:10138000D4E40350F03E00005C1102A8CC3F000002
:10139000C83E000000FFFF00FEB500246A490C7340
:1013A0000120694608700294FDF70EFC0600624FAA
:1013B0003868000300D5B5E003209F4908649F48C2
:1013C0000268FF2080019E4910255F4B1B78DB07D8
:1013D00020D51207120F022A03D09A4A12682A4017
:1013E00004D1594A5268584B5B7801E08A680B680F
:1013F0008E6A096A0091911B14225143DBB2C9180D
:10140000009A891A09014068081801D5019453E02F
:10141000019051E013071B0F032B03D01204120F8E
:10142000062A3AD18968426802923A6C920701D53D
:10143000806802900800FEF7B6FF0299401801D5B7
:10144000019400E00190B86B0107C80F03213F4AE7
:1014500012680A40022A1AD12E4018D03A4A126D58
:10146000D30512D5FE6B984B1E409E4202D17249A5
:101470000D640CE092050AD43A6C2823134006D17F
:101480006B461C702A4A116001E06A461470029093
:1014900068460678002E03D10FE00068019001260F
:1014A000FEF752FE002808D0FEF773FE02980028CF
:1014B00002D0FEF7C1FA00E0002602205E49086073
:1014C000002E10D0214800780C210140042902D0C0
:1014D000F86B054002D0FDF71BFC01E0FDF726FC90
:1014E000202078601EE018480078C00705D55548D0
:1014F0000068054001D1FDF71DFCFDF79DFD802032
:1015000000060B4908600020C0437049086001A82C
:10151000FEF752FA0400FFF7F1FC002C02D101980B
:10152000FEF7B8FA80200004FDF7E6FAF7BD0000E8
:10153000481002A8680102A80C0002A880E200E09E
:10154000AC3F00002C3E0000703E0000F03E00006A
:10155000FEB500245E490C730094FDF735FBFFF7E0
:10156000CDFC5C4DE86E5C4E0007000F07280BD1E8
:101570006868002808D40020FEF7DCFC3068574972
:101580000860FDF7D5FC52E0012010276968490783
:101590000DD453490968014009D001024C4A126D2B
:1015A0000A4208D0520502D42A68114001D10090A5
:1015B00001E04C48076046480078C00705D521483F
:1015C0000068384001D0FDF7B5FB474801680320AB
:1015D000009A002A01D0890900E009090840019019
:1015E0000020FEF7A7FC0198002805D16868074095
:1015F00002D1FDF79BFB01E0FDF78AFB002000997B
:10160000002903D139480068FEF7CDFE7169401802
:1016100001D5009400E000906846FDF718FC002812
:1016200005D10098FDF78EFCB0692C490860802038
:101630000005FDF761FAF7BD082002A8B00002A876
:1016400004C101A8B04301A8F8B5FDF7BDFA002414
:1016500000252748466B80277F05300606D53007D2
:1016600009D5FEF796FDFEF7E7F929E001251C48AC
:101670000068284019D00020FEF75CFC02200640DC
:1016800002D01C490C60C8611B480468002D03D0BF
:101690002000FDF77FF80400FEF77BFD2000FEF739
:1016A000F9F93800FDF728FAF1BD0F480078C0219C
:1016B0000140402902D1FDF72BFB01E0FDF736FB8D
:1016C00020200B490860ECE710000010B46000A86F
:1016D000703E0000440002A8BC3F00002C3E000009
:1016E000B44000A8481002A8F03E00001CC101A8A8
:1016F000100002A8180000AAD83F0000FFF75AF90E
:10170000024803494860FFF786F900BF3B27000005
:101710000000000080B5EFF305800B2801D23A21CC
:1017200000E02921FF2216320020FFF78FFBFEE7A1
:081730009CEEFE7F01000000A9
:0C17380044170108A0EC03204C00000046
:101744000000000000000000FFFF0000C0EA2101CB
:10175400C0EA210100800000C01753020400E40C19
:101764000A000000FFFFFFFFFFFFFFFFFFFFFFFF77
:10177400FFFFFFFFD0ED032058CF0008000000005A
:10178400FFFFFFFFFFFFFFFFECEC03204C0E0020E8
:10179400D0D40008020100008537000800000000D2
:1017A4000000000000000000000000000D00000028
:1017B400FFFFFFFFA08601001CED032000000000D6
:1017C400D8E7032040E80320A8E803200000000035
:1017D4000000000000000000000000000000000005
:1017E40000000000000000000000000000000000F5
:1017F40000000000000000000000000000000000E5
:1018040000000000000000000000000003000000D1
:10181400D8E7032003B4000838D70008FFFFFFFF10
:1018240075B7000871B70008FFFFFFFFFFFFFFFF58
:1018340085B70008C1BA0008FFFFFFFF81BB00089D
:10184400FFFFFFFFFFFFFFFFFFFFFFFFFFFFFFFFA4
:10185400CB260000FFFFFFFF0C000000000028FF64
:10186400FF0C01FF0F000000A90500088105000816
:040000050800066980
:00000001FF
